mutation,type,no_change,n_SNS,n_DNS,n_TNS
T2A,missense,0,1,3,0
T2C,missense,0,0,1,1
T2D,missense,0,0,1,1
T2E,missense,0,0,0,2
T2F,missense,0,0,1,1
T2G,missense,0,0,1,3
T2H,missense,0,0,1,1
T2I,missense,0,1,2,0
T2K,missense,0,0,2,0
T2L,missense,0,0,1,5
T2M,missense,0,0,1,0
T2N,missense,0,1,1,0
T2P,missense,0,1,3,0
T2Q,missense,0,0,0,2
T2R,missense,0,0,3,3
T2S,missense,0,2,4,0
T2T,silent,1,3,0,0
T2V,missense,0,0,1,3
T2W,missense,0,0,0,1
T2Y,missense,0,0,1,1
T2X,nonsense,0,0,0,3
E3A,missense,0,1,3,0
E3C,missense,0,0,0,2
E3D,missense,0,2,0,0
E3E,silent,1,1,0,0
E3F,missense,0,0,0,2
E3G,missense,0,1,3,0
E3H,missense,0,0,2,0
E3I,missense,0,0,1,2
E3K,missense,0,1,1,0
E3L,missense,0,0,2,4
E3M,missense,0,0,0,1
E3N,missense,0,0,2,0
E3P,missense,0,0,1,3
E3Q,missense,0,1,1,0
E3R,missense,0,0,2,4
E3S,missense,0,0,1,5
E3T,missense,0,0,1,3
E3V,missense,0,1,3,0
E3W,missense,0,0,0,1
E3Y,missense,0,0,2,0
E3X,nonsense,0,1,2,0
Y4A,missense,0,0,1,3
Y4C,missense,0,1,1,0
Y4D,missense,0,1,1,0
Y4E,missense,0,0,2,0
Y4F,missense,0,1,1,0
Y4G,missense,0,0,1,3
Y4H,missense,0,1,1,0
Y4I,missense,0,0,1,2
Y4K,missense,0,0,2,0
Y4L,missense,0,0,3,3
Y4M,missense,0,0,0,1
Y4N,missense,0,1,1,0
Y4P,missense,0,0,1,3
Y4Q,missense,0,0,2,0
Y4R,missense,0,0,1,5
Y4S,missense,0,1,4,1
Y4T,missense,0,0,1,3
Y4V,missense,0,0,1,3
Y4W,missense,0,0,1,0
Y4Y,silent,1,1,0,0
Y4X,nonsense,0,2,1,0
K5A,missense,0,0,1,3
K5C,missense,0,0,0,2
K5D,missense,0,0,2,0
K5E,missense,0,1,1,0
K5F,missense,0,0,0,2
K5G,missense,0,0,1,3
K5H,missense,0,0,2,0
K5I,missense,0,1,2,0
K5K,silent,1,1,0,0
K5L,missense,0,0,2,4
K5M,missense,0,0,1,0
K5N,missense,0,2,0,0
K5P,missense,0,0,1,3
K5Q,missense,0,1,1,0
K5R,missense,0,1,2,3
K5S,missense,0,0,3,3
K5T,missense,0,1,3,0
K5V,missense,0,0,1,3
K5W,missense,0,0,0,1
K5Y,missense,0,0,2,0
K5X,nonsense,0,1,2,0
L6A,missense,0,0,1,3
L6C,missense,0,0,1,1
L6D,missense,0,0,1,1
L6E,missense,0,0,0,2
L6F,missense,0,1,1,0
L6G,missense,0,0,1,3
L6H,missense,0,1,1,0
L6I,missense,0,1,2,0
L6K,missense,0,0,0,2
L6L,silent,1,3,2,0
L6M,missense,0,0,1,0
L6N,missense,0,0,1,1
L6P,missense,0,1,3,0
L6Q,missense,0,0,2,0
L6R,missense,0,1,3,2
L6S,missense,0,0,2,4
L6T,missense,0,0,1,3
L6V,missense,0,1,3,0
L6W,missense,0,0,0,1
L6Y,missense,0,0,1,1
L6X,nonsense,0,0,0,3
V7A,missense,0,1,3,0
V7C,missense,0,0,0,2
V7D,missense,0,0,2,0
V7E,missense,0,1,1,0
V7F,missense,0,0,2,0
V7G,missense,0,1,3,0
V7H,missense,0,0,0,2
V7I,missense,0,0,3,0
V7K,missense,0,0,1,1
V7L,missense,0,2,4,0
V7M,missense,0,1,0,0
V7N,missense,0,0,0,2
V7P,missense,0,0,1,3
V7Q,missense,0,0,1,1
V7R,missense,0,0,2,4
V7S,missense,0,0,1,5
V7T,missense,0,0,1,3
V7V,silent,1,3,0,0
V7W,missense,0,0,1,0
V7Y,missense,0,0,0,2
V7X,nonsense,0,0,1,2
V8A,missense,0,1,3,0
V8C,missense,0,0,0,2
V8D,missense,0,0,2,0
V8E,missense,0,1,1,0
V8F,missense,0,0,2,0
V8G,missense,0,1,3,0
V8H,missense,0,0,0,2
V8I,missense,0,1,2,0
V8K,missense,0,0,1,1
V8L,missense,0,2,4,0
V8M,missense,0,0,1,0
V8N,missense,0,0,0,2
V8P,missense,0,0,1,3
V8Q,missense,0,0,1,1
V8R,missense,0,0,2,4
V8S,missense,0,0,1,5
V8T,missense,0,0,1,3
V8V,silent,1,3,0,0
V8W,missense,0,0,0,1
V8Y,missense,0,0,0,2
V8X,nonsense,0,0,2,1
V9A,missense,0,1,3,0
V9C,missense,0,0,1,1
V9D,missense,0,1,1,0
V9E,missense,0,0,2,0
V9F,missense,0,1,1,0
V9G,missense,0,1,3,0
V9H,missense,0,0,1,1
V9I,missense,0,1,2,0
V9K,missense,0,0,0,2
V9L,missense,0,1,5,0
V9M,missense,0,0,1,0
V9N,missense,0,0,1,1
V9P,missense,0,0,1,3
V9Q,missense,0,0,0,2
V9R,missense,0,0,1,5
V9S,missense,0,0,2,4
V9T,missense,0,0,1,3
V9V,silent,1,3,0,0
V9W,missense,0,0,0,1
V9Y,missense,0,0,1,1
V9X,nonsense,0,0,0,3
G10A,missense,0,1,3,0
G10C,missense,0,0,2,0
G10D,missense,0,0,2,0
G10E,missense,0,1,1,0
G10F,missense,0,0,0,2
G10G,silent,1,3,0,0
G10H,missense,0,0,0,2
G10I,missense,0,0,1,2
G10K,missense,0,0,1,1
G10L,missense,0,0,2,4
G10M,missense,0,0,0,1
G10N,missense,0,0,0,2
G10P,missense,0,0,1,3
G10Q,missense,0,0,1,1
G10R,missense,0,2,4,0
G10S,missense,0,0,3,3
G10T,missense,0,0,1,3
G10V,missense,0,1,3,0
G10W,missense,0,0,1,0
G10Y,missense,0,0,0,2
G10X,nonsense,0,1,1,1
A11A,silent,1,3,0,0
A11C,missense,0,0,1,1
A11D,missense,0,1,1,0
A11E,missense,0,0,2,0
A11F,missense,0,0,1,1
A11G,missense,0,1,3,0
A11H,missense,0,0,1,1
A11I,missense,0,0,1,2
A11K,missense,0,0,0,2
A11L,missense,0,0,1,5
A11M,missense,0,0,0,1
A11N,missense,0,0,1,1
A11P,missense,0,1,3,0
A11Q,missense,0,0,0,2
A11R,missense,0,0,1,5
A11S,missense,0,1,4,1
A11T,missense,0,1,3,0
A11V,missense,0,1,3,0
A11W,missense,0,0,0,1
A11Y,missense,0,0,1,1
A11X,nonsense,0,0,0,3
G12A,missense,0,1,3,0
G12C,missense,0,1,1,0
G12D,missense,0,1,1,0
G12E,missense,0,0,2,0
G12F,missense,0,0,1,1
G12G,silent,1,3,0,0
G12H,missense,0,0,1,1
G12I,missense,0,0,1,2
G12K,missense,0,0,0,2
G12L,missense,0,0,1,5
G12M,missense,0,0,0,1
G12N,missense,0,0,1,1
G12P,missense,0,0,1,3
G12Q,missense,0,0,0,2
G12R,missense,0,1,5,0
G12S,missense,0,1,2,3
G12T,missense,0,0,1,3
G12V,missense,0,1,3,0
G12W,missense,0,0,1,0
G12Y,missense,0,0,1,1
G12X,nonsense,0,0,1,2
G13A,missense,0,1,3,0
G13C,missense,0,1,1,0
G13D,missense,0,1,1,0
G13E,missense,0,0,2,0
G13F,missense,0,0,1,1
G13G,silent,1,3,0,0
G13H,missense,0,0,1,1
G13I,missense,0,0,1,2
G13K,missense,0,0,0,2
G13L,missense,0,0,1,5
G13M,missense,0,0,0,1
G13N,missense,0,0,1,1
G13P,missense,0,0,1,3
G13Q,missense,0,0,0,2
G13R,missense,0,1,5,0
G13S,missense,0,1,2,3
G13T,missense,0,0,1,3
G13V,missense,0,1,3,0
G13W,missense,0,0,1,0
G13Y,missense,0,0,1,1
G13X,nonsense,0,0,1,2
V14A,missense,0,1,3,0
V14C,missense,0,0,0,2
V14D,missense,0,0,2,0
V14E,missense,0,1,1,0
V14F,missense,0,0,2,0
V14G,missense,0,1,3,0
V14H,missense,0,0,0,2
V14I,missense,0,1,2,0
V14K,missense,0,0,1,1
V14L,missense,0,2,4,0
V14M,missense,0,0,1,0
V14N,missense,0,0,0,2
V14P,missense,0,0,1,3
V14Q,missense,0,0,1,1
V14R,missense,0,0,2,4
V14S,missense,0,0,1,5
V14T,missense,0,0,1,3
V14V,silent,1,3,0,0
V14W,missense,0,0,0,1
V14Y,missense,0,0,0,2
V14X,nonsense,0,0,2,1
G15A,missense,0,1,3,0
G15C,missense,0,1,1,0
G15D,missense,0,1,1,0
G15E,missense,0,0,2,0
G15F,missense,0,0,1,1
G15G,silent,1,3,0,0
G15H,missense,0,0,1,1
G15I,missense,0,0,1,2
G15K,missense,0,0,0,2
G15L,missense,0,0,1,5
G15M,missense,0,0,0,1
G15N,missense,0,0,1,1
G15P,missense,0,0,1,3
G15Q,missense,0,0,0,2
G15R,missense,0,1,5,0
G15S,missense,0,1,2,3
G15T,missense,0,0,1,3
G15V,missense,0,1,3,0
G15W,missense,0,0,1,0
G15Y,missense,0,0,1,1
G15X,nonsense,0,0,1,2
K16A,missense,0,0,1,3
K16C,missense,0,0,0,2
K16D,missense,0,0,2,0
K16E,missense,0,1,1,0
K16F,missense,0,0,0,2
K16G,missense,0,0,1,3
K16H,missense,0,0,2,0
K16I,missense,0,0,3,0
K16K,silent,1,1,0,0
K16L,missense,0,0,2,4
K16M,missense,0,1,0,0
K16N,missense,0,2,0,0
K16P,missense,0,0,1,3
K16Q,missense,0,1,1,0
K16R,missense,0,1,2,3
K16S,missense,0,0,3,3
K16T,missense,0,1,3,0
K16V,missense,0,0,1,3
K16W,missense,0,0,1,0
K16Y,missense,0,0,2,0
K16X,nonsense,0,1,1,1
S17A,missense,0,0,1,3
S17C,missense,0,1,1,0
S17D,missense,0,0,1,1
S17E,missense,0,0,0,2
S17F,missense,0,0,1,1
S17G,missense,0,1,3,0
S17H,missense,0,0,1,1
S17I,missense,0,1,2,0
S17K,missense,0,0,2,0
S17L,missense,0,0,1,5
S17M,missense,0,0,1,0
S17N,missense,0,1,1,0
S17P,missense,0,0,1,3
S17Q,missense,0,0,0,2
S17R,missense,0,3,3,0
S17S,silent,1,1,1,3
S17T,missense,0,1,3,0
S17V,missense,0,0,1,3
S17W,missense,0,0,1,0
S17Y,missense,0,0,1,1
S17X,nonsense,0,0,1,2
A18A,silent,1,3,0,0
A18C,missense,0,0,1,1
A18D,missense,0,1,1,0
A18E,missense,0,0,2,0
A18F,missense,0,0,1,1
A18G,missense,0,1,3,0
A18H,missense,0,0,1,1
A18I,missense,0,0,1,2
A18K,missense,0,0,0,2
A18L,missense,0,0,1,5
A18M,missense,0,0,0,1
A18N,missense,0,0,1,1
A18P,missense,0,1,3,0
A18Q,missense,0,0,0,2
A18R,missense,0,0,1,5
A18S,missense,0,1,4,1
A18T,missense,0,1,3,0
A18V,missense,0,1,3,0
A18W,missense,0,0,0,1
A18Y,missense,0,0,1,1
A18X,nonsense,0,0,0,3
L19A,missense,0,0,1,3
L19C,missense,0,0,2,0
L19D,missense,0,0,0,2
L19E,missense,0,0,1,1
L19F,missense,0,2,0,0
L19G,missense,0,0,1,3
L19H,missense,0,0,0,2
L19I,missense,0,0,3,0
L19K,missense,0,0,1,1
L19L,silent,1,2,3,0
L19M,missense,0,1,0,0
L19N,missense,0,0,0,2
L19P,missense,0,0,1,3
L19Q,missense,0,0,1,1
L19R,missense,0,0,2,4
L19S,missense,0,1,3,2
L19T,missense,0,0,1,3
L19V,missense,0,1,3,0
L19W,missense,0,1,0,0
L19Y,missense,0,0,2,0
L19X,nonsense,0,1,2,0
T20A,missense,0,1,3,0
T20C,missense,0,0,0,2
T20D,missense,0,0,0,2
T20E,missense,0,0,1,1
T20F,missense,0,0,0,2
T20G,missense,0,0,1,3
T20H,missense,0,0,0,2
T20I,missense,0,0,3,0
T20K,missense,0,1,1,0
T20L,missense,0,0,2,4
T20M,missense,0,1,0,0
T20N,missense,0,0,2,0
T20P,missense,0,1,3,0
T20Q,missense,0,0,1,1
T20R,missense,0,1,2,3
T20S,missense,0,1,5,0
T20T,silent,1,3,0,0
T20V,missense,0,0,1,3
T20W,missense,0,0,1,0
T20Y,missense,0,0,0,2
T20X,nonsense,0,0,1,2
I21A,missense,0,0,1,3
I21C,missense,0,0,0,2
I21D,missense,0,0,0,2
I21E,missense,0,0,1,1
I21F,missense,0,0,2,0
I21G,missense,0,0,1,3
I21H,missense,0,0,0,2
I21I,silent,1,2,0,0
I21K,missense,0,1,1,0
I21L,missense,0,2,4,0
I21M,missense,0,1,0,0
I21N,missense,0,0,2,0
I21P,missense,0,0,1,3
I21Q,missense,0,0,1,1
I21R,missense,0,1,2,3
I21S,missense,0,0,3,3
I21T,missense,0,1,3,0
I21V,missense,0,1,3,0
I21W,missense,0,0,0,1
I21Y,missense,0,0,0,2
I21X,nonsense,0,0,2,1
Q22A,missense,0,0,1,3
Q22C,missense,0,0,0,2
Q22D,missense,0,0,2,0
Q22E,missense,0,1,1,0
Q22F,missense,0,0,0,2
Q22G,missense,0,0,1,3
Q22H,missense,0,2,0,0
Q22I,missense,0,0,0,3
Q22K,missense,0,1,1,0
Q22L,missense,0,1,4,1
Q22M,missense,0,0,1,0
Q22N,missense,0,0,2,0
Q22P,missense,0,1,3,0
Q22Q,silent,1,1,0,0
Q22R,missense,0,1,4,1
Q22S,missense,0,0,1,5
Q22T,missense,0,0,1,3
Q22V,missense,0,0,1,3
Q22W,missense,0,0,1,0
Q22Y,missense,0,0,2,0
Q22X,nonsense,0,1,1,1
L23A,missense,0,0,1,3
L23C,missense,0,0,0,2
L23D,missense,0,0,0,2
L23E,missense,0,0,1,1
L23F,missense,0,0,2,0
L23G,missense,0,0,1,3
L23H,missense,0,0,2,0
L23I,missense,0,1,2,0
L23K,missense,0,0,1,1
L23L,silent,1,4,1,0
L23M,missense,0,0,1,0
L23N,missense,0,0,0,2
L23P,missense,0,1,3,0
L23Q,missense,0,1,1,0
L23R,missense,0,1,4,1
L23S,missense,0,0,1,5
L23T,missense,0,0,1,3
L23V,missense,0,1,3,0
L23W,missense,0,0,0,1
L23Y,missense,0,0,0,2
L23X,nonsense,0,0,2,1
I24A,missense,0,0,1,3
I24C,missense,0,0,1,1
I24D,missense,0,0,1,1
I24E,missense,0,0,0,2
I24F,missense,0,1,1,0
I24G,missense,0,0,1,3
I24H,missense,0,0,1,1
I24I,silent,1,2,0,0
I24K,missense,0,0,2,0
I24L,missense,0,1,5,0
I24M,missense,0,1,0,0
I24N,missense,0,1,1,0
I24P,missense,0,0,1,3
I24Q,missense,0,0,0,2
I24R,missense,0,0,3,3
I24S,missense,0,1,2,3
I24T,missense,0,1,3,0
I24V,missense,0,1,3,0
I24W,missense,0,0,0,1
I24Y,missense,0,0,1,1
I24X,nonsense,0,0,0,3
Q25A,missense,0,0,1,3
Q25C,missense,0,0,0,2
Q25D,missense,0,0,2,0
Q25E,missense,0,1,1,0
Q25F,missense,0,0,0,2
Q25G,missense,0,0,1,3
Q25H,missense,0,2,0,0
Q25I,missense,0,0,0,3
Q25K,missense,0,1,1,0
Q25L,missense,0,1,4,1
Q25M,missense,0,0,1,0
Q25N,missense,0,0,2,0
Q25P,missense,0,1,3,0
Q25Q,silent,1,1,0,0
Q25R,missense,0,1,4,1
Q25S,missense,0,0,1,5
Q25T,missense,0,0,1,3
Q25V,missense,0,0,1,3
Q25W,missense,0,0,1,0
Q25Y,missense,0,0,2,0
Q25X,nonsense,0,1,1,1
N26A,missense,0,0,1,3
N26C,missense,0,0,1,1
N26D,missense,0,1,1,0
N26E,missense,0,0,2,0
N26F,missense,0,0,1,1
N26G,missense,0,0,1,3
N26H,missense,0,1,1,0
N26I,missense,0,1,2,0
N26K,missense,0,2,0,0
N26L,missense,0,0,1,5
N26M,missense,0,0,1,0
N26N,silent,1,1,0,0
N26P,missense,0,0,1,3
N26Q,missense,0,0,2,0
N26R,missense,0,0,3,3
N26S,missense,0,1,2,3
N26T,missense,0,1,3,0
N26V,missense,0,0,1,3
N26W,missense,0,0,0,1
N26Y,missense,0,1,1,0
N26X,nonsense,0,0,2,1
H27A,missense,0,0,1,3
H27C,missense,0,0,1,1
H27D,missense,0,1,1,0
H27E,missense,0,0,2,0
H27F,missense,0,0,1,1
H27G,missense,0,0,1,3
H27H,silent,1,1,0,0
H27I,missense,0,0,1,2
H27K,missense,0,0,2,0
H27L,missense,0,1,3,2
H27M,missense,0,0,0,1
H27N,missense,0,1,1,0
H27P,missense,0,1,3,0
H27Q,missense,0,2,0,0
H27R,missense,0,1,3,2
H27S,missense,0,0,2,4
H27T,missense,0,0,1,3
H27V,missense,0,0,1,3
H27W,missense,0,0,0,1
H27Y,missense,0,1,1,0
H27X,nonsense,0,0,2,1
F28A,missense,0,0,1,3
F28C,missense,0,1,1,0
F28D,missense,0,0,1,1
F28E,missense,0,0,0,2
F28F,silent,1,1,0,0
F28G,missense,0,0,1,3
F28H,missense,0,0,1,1
F28I,missense,0,1,2,0
F28K,missense,0,0,0,2
F28L,missense,0,3,3,0
F28M,missense,0,0,1,0
F28N,missense,0,0,1,1
F28P,missense,0,0,1,3
F28Q,missense,0,0,0,2
F28R,missense,0,0,1,5
F28S,missense,0,1,4,1
F28T,missense,0,0,1,3
F28V,missense,0,1,3,0
F28W,missense,0,0,1,0
F28Y,missense,0,1,1,0
F28X,nonsense,0,0,3,0
V29A,missense,0,1,3,0
V29C,missense,0,0,0,2
V29D,missense,0,0,2,0
V29E,missense,0,1,1,0
V29F,missense,0,0,2,0
V29G,missense,0,1,3,0
V29H,missense,0,0,0,2
V29I,missense,0,0,3,0
V29K,missense,0,0,1,1
V29L,missense,0,2,4,0
V29M,missense,0,1,0,0
V29N,missense,0,0,0,2
V29P,missense,0,0,1,3
V29Q,missense,0,0,1,1
V29R,missense,0,0,2,4
V29S,missense,0,0,1,5
V29T,missense,0,0,1,3
V29V,silent,1,3,0,0
V29W,missense,0,0,1,0
V29Y,missense,0,0,0,2
V29X,nonsense,0,0,1,2
D30A,missense,0,1,3,0
D30C,missense,0,0,1,1
D30D,silent,1,1,0,0
D30E,missense,0,2,0,0
D30F,missense,0,0,1,1
D30G,missense,0,1,3,0
D30H,missense,0,1,1,0
D30I,missense,0,0,1,2
D30K,missense,0,0,2,0
D30L,missense,0,0,1,5
D30M,missense,0,0,0,1
D30N,missense,0,1,1,0
D30P,missense,0,0,1,3
D30Q,missense,0,0,2,0
D30R,missense,0,0,1,5
D30S,missense,0,0,2,4
D30T,missense,0,0,1,3
D30V,missense,0,1,3,0
D30W,missense,0,0,0,1
D30Y,missense,0,1,1,0
D30X,nonsense,0,0,2,1
E31A,missense,0,1,3,0
E31C,missense,0,0,0,2
E31D,missense,0,2,0,0
E31E,silent,1,1,0,0
E31F,missense,0,0,0,2
E31G,missense,0,1,3,0
E31H,missense,0,0,2,0
E31I,missense,0,0,1,2
E31K,missense,0,1,1,0
E31L,missense,0,0,2,4
E31M,missense,0,0,0,1
E31N,missense,0,0,2,0
E31P,missense,0,0,1,3
E31Q,missense,0,1,1,0
E31R,missense,0,0,2,4
E31S,missense,0,0,1,5
E31T,missense,0,0,1,3
E31V,missense,0,1,3,0
E31W,missense,0,0,0,1
E31Y,missense,0,0,2,0
E31X,nonsense,0,1,2,0
Y32A,missense,0,0,1,3
Y32C,missense,0,1,1,0
Y32D,missense,0,1,1,0
Y32E,missense,0,0,2,0
Y32F,missense,0,1,1,0
Y32G,missense,0,0,1,3
Y32H,missense,0,1,1,0
Y32I,missense,0,0,1,2
Y32K,missense,0,0,2,0
Y32L,missense,0,0,3,3
Y32M,missense,0,0,0,1
Y32N,missense,0,1,1,0
Y32P,missense,0,0,1,3
Y32Q,missense,0,0,2,0
Y32R,missense,0,0,1,5
Y32S,missense,0,1,4,1
Y32T,missense,0,0,1,3
Y32V,missense,0,0,1,3
Y32W,missense,0,0,1,0
Y32Y,silent,1,1,0,0
Y32X,nonsense,0,2,1,0
D33A,missense,0,1,3,0
D33C,missense,0,0,1,1
D33D,silent,1,1,0,0
D33E,missense,0,2,0,0
D33F,missense,0,0,1,1
D33G,missense,0,1,3,0
D33H,missense,0,1,1,0
D33I,missense,0,0,1,2
D33K,missense,0,0,2,0
D33L,missense,0,0,1,5
D33M,missense,0,0,0,1
D33N,missense,0,1,1,0
D33P,missense,0,0,1,3
D33Q,missense,0,0,2,0
D33R,missense,0,0,1,5
D33S,missense,0,0,2,4
D33T,missense,0,0,1,3
D33V,missense,0,1,3,0
D33W,missense,0,0,0,1
D33Y,missense,0,1,1,0
D33X,nonsense,0,0,2,1
P34A,missense,0,1,3,0
P34C,missense,0,0,0,2
P34D,missense,0,0,0,2
P34E,missense,0,0,1,1
P34F,missense,0,0,0,2
P34G,missense,0,0,1,3
P34H,missense,0,0,2,0
P34I,missense,0,0,1,2
P34K,missense,0,0,1,1
P34L,missense,0,1,4,1
P34M,missense,0,0,0,1
P34N,missense,0,0,0,2
P34P,silent,1,3,0,0
P34Q,missense,0,1,1,0
P34R,missense,0,1,4,1
P34S,missense,0,1,3,2
P34T,missense,0,1,3,0
P34V,missense,0,0,1,3
P34W,missense,0,0,0,1
P34Y,missense,0,0,0,2
P34X,nonsense,0,0,2,1
T35A,missense,0,1,3,0
T35C,missense,0,0,0,2
T35D,missense,0,0,0,2
T35E,missense,0,0,1,1
T35F,missense,0,0,0,2
T35G,missense,0,0,1,3
T35H,missense,0,0,0,2
T35I,missense,0,1,2,0
T35K,missense,0,1,1,0
T35L,missense,0,0,2,4
T35M,missense,0,0,1,0
T35N,missense,0,0,2,0
T35P,missense,0,1,3,0
T35Q,missense,0,0,1,1
T35R,missense,0,1,2,3
T35S,missense,0,1,5,0
T35T,silent,1,3,0,0
T35V,missense,0,0,1,3
T35W,missense,0,0,0,1
T35Y,missense,0,0,0,2
T35X,nonsense,0,0,2,1
I36A,missense,0,0,1,3
I36C,missense,0,0,0,2
I36D,missense,0,0,0,2
I36E,missense,0,0,1,1
I36F,missense,0,0,2,0
I36G,missense,0,0,1,3
I36H,missense,0,0,0,2
I36I,silent,1,2,0,0
I36K,missense,0,1,1,0
I36L,missense,0,2,4,0
I36M,missense,0,1,0,0
I36N,missense,0,0,2,0
I36P,missense,0,0,1,3
I36Q,missense,0,0,1,1
I36R,missense,0,1,2,3
I36S,missense,0,0,3,3
I36T,missense,0,1,3,0
I36V,missense,0,1,3,0
I36W,missense,0,0,0,1
I36Y,missense,0,0,0,2
I36X,nonsense,0,0,2,1
E37A,missense,0,1,3,0
E37C,missense,0,0,0,2
E37D,missense,0,2,0,0
E37E,silent,1,1,0,0
E37F,missense,0,0,0,2
E37G,missense,0,1,3,0
E37H,missense,0,0,2,0
E37I,missense,0,0,0,3
E37K,missense,0,1,1,0
E37L,missense,0,0,2,4
E37M,missense,0,0,1,0
E37N,missense,0,0,2,0
E37P,missense,0,0,1,3
E37Q,missense,0,1,1,0
E37R,missense,0,0,2,4
E37S,missense,0,0,1,5
E37T,missense,0,0,1,3
E37V,missense,0,1,3,0
E37W,missense,0,0,1,0
E37Y,missense,0,0,2,0
E37X,nonsense,0,1,1,1
D38A,missense,0,1,3,0
D38C,missense,0,0,1,1
D38D,silent,1,1,0,0
D38E,missense,0,2,0,0
D38F,missense,0,0,1,1
D38G,missense,0,1,3,0
D38H,missense,0,1,1,0
D38I,missense,0,0,1,2
D38K,missense,0,0,2,0
D38L,missense,0,0,1,5
D38M,missense,0,0,0,1
D38N,missense,0,1,1,0
D38P,missense,0,0,1,3
D38Q,missense,0,0,2,0
D38R,missense,0,0,1,5
D38S,missense,0,0,2,4
D38T,missense,0,0,1,3
D38V,missense,0,1,3,0
D38W,missense,0,0,0,1
D38Y,missense,0,1,1,0
D38X,nonsense,0,0,2,1
S39A,missense,0,1,3,0
S39C,missense,0,1,1,0
S39D,missense,0,0,1,1
S39E,missense,0,0,0,2
S39F,missense,0,1,1,0
S39G,missense,0,0,1,3
S39H,missense,0,0,1,1
S39I,missense,0,0,1,2
S39K,missense,0,0,0,2
S39L,missense,0,0,3,3
S39M,missense,0,0,0,1
S39N,missense,0,0,1,1
S39P,missense,0,1,3,0
S39Q,missense,0,0,0,2
S39R,missense,0,0,1,5
S39S,silent,1,3,1,1
S39T,missense,0,1,3,0
S39V,missense,0,0,1,3
S39W,missense,0,0,1,0
S39Y,missense,0,1,1,0
S39X,nonsense,0,0,3,0
Y40A,missense,0,0,1,3
Y40C,missense,0,1,1,0
Y40D,missense,0,1,1,0
Y40E,missense,0,0,2,0
Y40F,missense,0,1,1,0
Y40G,missense,0,0,1,3
Y40H,missense,0,1,1,0
Y40I,missense,0,0,1,2
Y40K,missense,0,0,2,0
Y40L,missense,0,0,3,3
Y40M,missense,0,0,0,1
Y40N,missense,0,1,1,0
Y40P,missense,0,0,1,3
Y40Q,missense,0,0,2,0
Y40R,missense,0,0,1,5
Y40S,missense,0,1,4,1
Y40T,missense,0,0,1,3
Y40V,missense,0,0,1,3
Y40W,missense,0,0,1,0
Y40Y,silent,1,1,0,0
Y40X,nonsense,0,2,1,0
R41A,missense,0,0,1,3
R41C,missense,0,0,2,0
R41D,missense,0,0,0,2
R41E,missense,0,0,1,1
R41F,missense,0,0,0,2
R41G,missense,0,1,3,0
R41H,missense,0,0,0,2
R41I,missense,0,0,3,0
R41K,missense,0,1,1,0
R41L,missense,0,0,2,4
R41M,missense,0,1,0,0
R41N,missense,0,0,2,0
R41P,missense,0,0,1,3
R41Q,missense,0,0,1,1
R41R,silent,1,2,3,0
R41S,missense,0,2,1,3
R41T,missense,0,1,3,0
R41V,missense,0,0,1,3
R41W,missense,0,1,0,0
R41Y,missense,0,0,0,2
R41X,nonsense,0,0,2,1
K42A,missense,0,0,1,3
K42C,missense,0,0,0,2
K42D,missense,0,0,2,0
K42E,missense,0,1,1,0
K42F,missense,0,0,0,2
K42G,missense,0,0,1,3
K42H,missense,0,0,2,0
K42I,missense,0,0,3,0
K42K,silent,1,1,0,0
K42L,missense,0,0,2,4
K42M,missense,0,1,0,0
K42N,missense,0,2,0,0
K42P,missense,0,0,1,3
K42Q,missense,0,1,1,0
K42R,missense,0,1,2,3
K42S,missense,0,0,3,3
K42T,missense,0,1,3,0
K42V,missense,0,0,1,3
K42W,missense,0,0,1,0
K42Y,missense,0,0,2,0
K42X,nonsense,0,1,1,1
Q43A,missense,0,0,1,3
Q43C,missense,0,0,0,2
Q43D,missense,0,0,2,0
Q43E,missense,0,1,1,0
Q43F,missense,0,0,0,2
Q43G,missense,0,0,1,3
Q43H,missense,0,2,0,0
Q43I,missense,0,0,1,2
Q43K,missense,0,1,1,0
Q43L,missense,0,1,4,1
Q43M,missense,0,0,0,1
Q43N,missense,0,0,2,0
Q43P,missense,0,1,3,0
Q43Q,silent,1,1,0,0
Q43R,missense,0,1,4,1
Q43S,missense,0,0,1,5
Q43T,missense,0,0,1,3
Q43V,missense,0,0,1,3
Q43W,missense,0,0,0,1
Q43Y,missense,0,0,2,0
Q43X,nonsense,0,1,2,0
V44A,missense,0,1,3,0
V44C,missense,0,0,0,2
V44D,missense,0,0,2,0
V44E,missense,0,1,1,0
V44F,missense,0,0,2,0
V44G,missense,0,1,3,0
V44H,missense,0,0,0,2
V44I,missense,0,1,2,0
V44K,missense,0,0,1,1
V44L,missense,0,2,4,0
V44M,missense,0,0,1,0
V44N,missense,0,0,0,2
V44P,missense,0,0,1,3
V44Q,missense,0,0,1,1
V44R,missense,0,0,2,4
V44S,missense,0,0,1,5
V44T,missense,0,0,1,3
V44V,silent,1,3,0,0
V44W,missense,0,0,0,1
V44Y,missense,0,0,0,2
V44X,nonsense,0,0,2,1
V45A,missense,0,1,3,0
V45C,missense,0,0,0,2
V45D,missense,0,0,2,0
V45E,missense,0,1,1,0
V45F,missense,0,0,2,0
V45G,missense,0,1,3,0
V45H,missense,0,0,0,2
V45I,missense,0,1,2,0
V45K,missense,0,0,1,1
V45L,missense,0,2,4,0
V45M,missense,0,0,1,0
V45N,missense,0,0,0,2
V45P,missense,0,0,1,3
V45Q,missense,0,0,1,1
V45R,missense,0,0,2,4
V45S,missense,0,0,1,5
V45T,missense,0,0,1,3
V45V,silent,1,3,0,0
V45W,missense,0,0,0,1
V45Y,missense,0,0,0,2
V45X,nonsense,0,0,2,1
I46A,missense,0,0,1,3
I46C,missense,0,0,1,1
I46D,missense,0,0,1,1
I46E,missense,0,0,0,2
I46F,missense,0,1,1,0
I46G,missense,0,0,1,3
I46H,missense,0,0,1,1
I46I,silent,1,2,0,0
I46K,missense,0,0,2,0
I46L,missense,0,1,5,0
I46M,missense,0,1,0,0
I46N,missense,0,1,1,0
I46P,missense,0,0,1,3
I46Q,missense,0,0,0,2
I46R,missense,0,0,3,3
I46S,missense,0,1,2,3
I46T,missense,0,1,3,0
I46V,missense,0,1,3,0
I46W,missense,0,0,0,1
I46Y,missense,0,0,1,1
I46X,nonsense,0,0,0,3
D47A,missense,0,1,3,0
D47C,missense,0,0,1,1
D47D,silent,1,1,0,0
D47E,missense,0,2,0,0
D47F,missense,0,0,1,1
D47G,missense,0,1,3,0
D47H,missense,0,1,1,0
D47I,missense,0,0,1,2
D47K,missense,0,0,2,0
D47L,missense,0,0,1,5
D47M,missense,0,0,0,1
D47N,missense,0,1,1,0
D47P,missense,0,0,1,3
D47Q,missense,0,0,2,0
D47R,missense,0,0,1,5
D47S,missense,0,0,2,4
D47T,missense,0,0,1,3
D47V,missense,0,1,3,0
D47W,missense,0,0,0,1
D47Y,missense,0,1,1,0
D47X,nonsense,0,0,2,1
G48A,missense,0,1,3,0
G48C,missense,0,0,2,0
G48D,missense,0,0,2,0
G48E,missense,0,1,1,0
G48F,missense,0,0,0,2
G48G,silent,1,3,0,0
G48H,missense,0,0,0,2
G48I,missense,0,0,1,2
G48K,missense,0,0,1,1
G48L,missense,0,0,2,4
G48M,missense,0,0,0,1
G48N,missense,0,0,0,2
G48P,missense,0,0,1,3
G48Q,missense,0,0,1,1
G48R,missense,0,2,4,0
G48S,missense,0,0,3,3
G48T,missense,0,0,1,3
G48V,missense,0,1,3,0
G48W,missense,0,0,1,0
G48Y,missense,0,0,0,2
G48X,nonsense,0,1,1,1
E49A,missense,0,1,3,0
E49C,missense,0,0,0,2
E49D,missense,0,2,0,0
E49E,silent,1,1,0,0
E49F,missense,0,0,0,2
E49G,missense,0,1,3,0
E49H,missense,0,0,2,0
E49I,missense,0,0,1,2
E49K,missense,0,1,1,0
E49L,missense,0,0,2,4
E49M,missense,0,0,0,1
E49N,missense,0,0,2,0
E49P,missense,0,0,1,3
E49Q,missense,0,1,1,0
E49R,missense,0,0,2,4
E49S,missense,0,0,1,5
E49T,missense,0,0,1,3
E49V,missense,0,1,3,0
E49W,missense,0,0,0,1
E49Y,missense,0,0,2,0
E49X,nonsense,0,1,2,0
T50A,missense,0,1,3,0
T50C,missense,0,0,1,1
T50D,missense,0,0,1,1
T50E,missense,0,0,0,2
T50F,missense,0,0,1,1
T50G,missense,0,0,1,3
T50H,missense,0,0,1,1
T50I,missense,0,1,2,0
T50K,missense,0,0,2,0
T50L,missense,0,0,1,5
T50M,missense,0,0,1,0
T50N,missense,0,1,1,0
T50P,missense,0,1,3,0
T50Q,missense,0,0,0,2
T50R,missense,0,0,3,3
T50S,missense,0,2,4,0
T50T,silent,1,3,0,0
T50V,missense,0,0,1,3
T50W,missense,0,0,0,1
T50Y,missense,0,0,1,1
T50X,nonsense,0,0,0,3
C51A,missense,0,0,1,3
C51C,silent,1,1,0,0
C51D,missense,0,0,1,1
C51E,missense,0,0,0,2
C51F,missense,0,1,1,0
C51G,missense,0,1,3,0
C51H,missense,0,0,1,1
C51I,missense,0,0,1,2
C51K,missense,0,0,0,2
C51L,missense,0,0,3,3
C51M,missense,0,0,0,1
C51N,missense,0,0,1,1
C51P,missense,0,0,1,3
C51Q,missense,0,0,0,2
C51R,missense,0,1,5,0
C51S,missense,0,2,4,0
C51T,missense,0,0,1,3
C51V,missense,0,0,1,3
C51W,missense,0,1,0,0
C51Y,missense,0,1,1,0
C51X,nonsense,0,1,2,0
L52A,missense,0,0,1,3
L52C,missense,0,0,1,1
L52D,missense,0,0,1,1
L52E,missense,0,0,0,2
L52F,missense,0,1,1,0
L52G,missense,0,0,1,3
L52H,missense,0,1,1,0
L52I,missense,0,1,2,0
L52K,missense,0,0,0,2
L52L,silent,1,3,2,0
L52M,missense,0,0,1,0
L52N,missense,0,0,1,1
L52P,missense,0,1,3,0
L52Q,missense,0,0,2,0
L52R,missense,0,1,3,2
L52S,missense,0,0,2,4
L52T,missense,0,0,1,3
L52V,missense,0,1,3,0
L52W,missense,0,0,0,1
L52Y,missense,0,0,1,1
L52X,nonsense,0,0,0,3
L53A,missense,0,0,1,3
L53C,missense,0,0,2,0
L53D,missense,0,0,0,2
L53E,missense,0,0,1,1
L53F,missense,0,2,0,0
L53G,missense,0,0,1,3
L53H,missense,0,0,0,2
L53I,missense,0,0,3,0
L53K,missense,0,0,1,1
L53L,silent,1,2,3,0
L53M,missense,0,1,0,0
L53N,missense,0,0,0,2
L53P,missense,0,0,1,3
L53Q,missense,0,0,1,1
L53R,missense,0,0,2,4
L53S,missense,0,1,3,2
L53T,missense,0,0,1,3
L53V,missense,0,1,3,0
L53W,missense,0,1,0,0
L53Y,missense,0,0,2,0
L53X,nonsense,0,1,2,0
D54A,missense,0,1,3,0
D54C,missense,0,0,1,1
D54D,silent,1,1,0,0
D54E,missense,0,2,0,0
D54F,missense,0,0,1,1
D54G,missense,0,1,3,0
D54H,missense,0,1,1,0
D54I,missense,0,0,1,2
D54K,missense,0,0,2,0
D54L,missense,0,0,1,5
D54M,missense,0,0,0,1
D54N,missense,0,1,1,0
D54P,missense,0,0,1,3
D54Q,missense,0,0,2,0
D54R,missense,0,0,1,5
D54S,missense,0,0,2,4
D54T,missense,0,0,1,3
D54V,missense,0,1,3,0
D54W,missense,0,0,0,1
D54Y,missense,0,1,1,0
D54X,nonsense,0,0,2,1
I55A,missense,0,0,1,3
I55C,missense,0,0,1,1
I55D,missense,0,0,1,1
I55E,missense,0,0,0,2
I55F,missense,0,1,1,0
I55G,missense,0,0,1,3
I55H,missense,0,0,1,1
I55I,silent,1,2,0,0
I55K,missense,0,0,2,0
I55L,missense,0,1,5,0
I55M,missense,0,1,0,0
I55N,missense,0,1,1,0
I55P,missense,0,0,1,3
I55Q,missense,0,0,0,2
I55R,missense,0,0,3,3
I55S,missense,0,1,2,3
I55T,missense,0,1,3,0
I55V,missense,0,1,3,0
I55W,missense,0,0,0,1
I55Y,missense,0,0,1,1
I55X,nonsense,0,0,0,3
L56A,missense,0,0,1,3
L56C,missense,0,0,1,1
L56D,missense,0,0,1,1
L56E,missense,0,0,0,2
L56F,missense,0,1,1,0
L56G,missense,0,0,1,3
L56H,missense,0,1,1,0
L56I,missense,0,1,2,0
L56K,missense,0,0,0,2
L56L,silent,1,3,2,0
L56M,missense,0,0,1,0
L56N,missense,0,0,1,1
L56P,missense,0,1,3,0
L56Q,missense,0,0,2,0
L56R,missense,0,1,3,2
L56S,missense,0,0,2,4
L56T,missense,0,0,1,3
L56V,missense,0,1,3,0
L56W,missense,0,0,0,1
L56Y,missense,0,0,1,1
L56X,nonsense,0,0,0,3
D57A,missense,0,1,3,0
D57C,missense,0,0,1,1
D57D,silent,1,1,0,0
D57E,missense,0,2,0,0
D57F,missense,0,0,1,1
D57G,missense,0,1,3,0
D57H,missense,0,1,1,0
D57I,missense,0,0,1,2
D57K,missense,0,0,2,0
D57L,missense,0,0,1,5
D57M,missense,0,0,0,1
D57N,missense,0,1,1,0
D57P,missense,0,0,1,3
D57Q,missense,0,0,2,0
D57R,missense,0,0,1,5
D57S,missense,0,0,2,4
D57T,missense,0,0,1,3
D57V,missense,0,1,3,0
D57W,missense,0,0,0,1
D57Y,missense,0,1,1,0
D57X,nonsense,0,0,2,1
T58A,missense,0,1,3,0
T58C,missense,0,0,0,2
T58D,missense,0,0,0,2
T58E,missense,0,0,1,1
T58F,missense,0,0,0,2
T58G,missense,0,0,1,3
T58H,missense,0,0,0,2
T58I,missense,0,1,2,0
T58K,missense,0,1,1,0
T58L,missense,0,0,2,4
T58M,missense,0,0,1,0
T58N,missense,0,0,2,0
T58P,missense,0,1,3,0
T58Q,missense,0,0,1,1
T58R,missense,0,1,2,3
T58S,missense,0,1,5,0
T58T,silent,1,3,0,0
T58V,missense,0,0,1,3
T58W,missense,0,0,0,1
T58Y,missense,0,0,0,2
T58X,nonsense,0,0,2,1
A59A,silent,1,3,0,0
A59C,missense,0,0,0,2
A59D,missense,0,0,2,0
A59E,missense,0,1,1,0
A59F,missense,0,0,0,2
A59G,missense,0,1,3,0
A59H,missense,0,0,0,2
A59I,missense,0,0,1,2
A59K,missense,0,0,1,1
A59L,missense,0,0,2,4
A59M,missense,0,0,0,1
A59N,missense,0,0,0,2
A59P,missense,0,1,3,0
A59Q,missense,0,0,1,1
A59R,missense,0,0,2,4
A59S,missense,0,1,3,2
A59T,missense,0,1,3,0
A59V,missense,0,1,3,0
A59W,missense,0,0,0,1
A59Y,missense,0,0,0,2
A59X,nonsense,0,0,2,1
G60A,missense,0,1,3,0
G60C,missense,0,1,1,0
G60D,missense,0,1,1,0
G60E,missense,0,0,2,0
G60F,missense,0,0,1,1
G60G,silent,1,3,0,0
G60H,missense,0,0,1,1
G60I,missense,0,0,1,2
G60K,missense,0,0,0,2
G60L,missense,0,0,1,5
G60M,missense,0,0,0,1
G60N,missense,0,0,1,1
G60P,missense,0,0,1,3
G60Q,missense,0,0,0,2
G60R,missense,0,1,5,0
G60S,missense,0,1,2,3
G60T,missense,0,0,1,3
G60V,missense,0,1,3,0
G60W,missense,0,0,1,0
G60Y,missense,0,0,1,1
G60X,nonsense,0,0,1,2
Q61A,missense,0,0,1,3
Q61C,missense,0,0,0,2
Q61D,missense,0,0,2,0
Q61E,missense,0,1,1,0
Q61F,missense,0,0,0,2
Q61G,missense,0,0,1,3
Q61H,missense,0,2,0,0
Q61I,missense,0,0,1,2
Q61K,missense,0,1,1,0
Q61L,missense,0,1,4,1
Q61M,missense,0,0,0,1
Q61N,missense,0,0,2,0
Q61P,missense,0,1,3,0
Q61Q,silent,1,1,0,0
Q61R,missense,0,1,4,1
Q61S,missense,0,0,1,5
Q61T,missense,0,0,1,3
Q61V,missense,0,0,1,3
Q61W,missense,0,0,0,1
Q61Y,missense,0,0,2,0
Q61X,nonsense,0,1,2,0
E62A,missense,0,1,3,0
E62C,missense,0,0,0,2
E62D,missense,0,2,0,0
E62E,silent,1,1,0,0
E62F,missense,0,0,0,2
E62G,missense,0,1,3,0
E62H,missense,0,0,2,0
E62I,missense,0,0,0,3
E62K,missense,0,1,1,0
E62L,missense,0,0,2,4
E62M,missense,0,0,1,0
E62N,missense,0,0,2,0
E62P,missense,0,0,1,3
E62Q,missense,0,1,1,0
E62R,missense,0,0,2,4
E62S,missense,0,0,1,5
E62T,missense,0,0,1,3
E62V,missense,0,1,3,0
E62W,missense,0,0,1,0
E62Y,missense,0,0,2,0
E62X,nonsense,0,1,1,1
E63A,missense,0,1,3,0
E63C,missense,0,0,0,2
E63D,missense,0,2,0,0
E63E,silent,1,1,0,0
E63F,missense,0,0,0,2
E63G,missense,0,1,3,0
E63H,missense,0,0,2,0
E63I,missense,0,0,0,3
E63K,missense,0,1,1,0
E63L,missense,0,0,2,4
E63M,missense,0,0,1,0
E63N,missense,0,0,2,0
E63P,missense,0,0,1,3
E63Q,missense,0,1,1,0
E63R,missense,0,0,2,4
E63S,missense,0,0,1,5
E63T,missense,0,0,1,3
E63V,missense,0,1,3,0
E63W,missense,0,0,1,0
E63Y,missense,0,0,2,0
E63X,nonsense,0,1,1,1
Y64A,missense,0,0,1,3
Y64C,missense,0,1,1,0
Y64D,missense,0,1,1,0
Y64E,missense,0,0,2,0
Y64F,missense,0,1,1,0
Y64G,missense,0,0,1,3
Y64H,missense,0,1,1,0
Y64I,missense,0,0,1,2
Y64K,missense,0,0,2,0
Y64L,missense,0,0,3,3
Y64M,missense,0,0,0,1
Y64N,missense,0,1,1,0
Y64P,missense,0,0,1,3
Y64Q,missense,0,0,2,0
Y64R,missense,0,0,1,5
Y64S,missense,0,1,4,1
Y64T,missense,0,0,1,3
Y64V,missense,0,0,1,3
Y64W,missense,0,0,1,0
Y64Y,silent,1,1,0,0
Y64X,nonsense,0,2,1,0
S65A,missense,0,0,1,3
S65C,missense,0,1,1,0
S65D,missense,0,0,1,1
S65E,missense,0,0,0,2
S65F,missense,0,0,1,1
S65G,missense,0,1,3,0
S65H,missense,0,0,1,1
S65I,missense,0,1,2,0
S65K,missense,0,0,2,0
S65L,missense,0,0,1,5
S65M,missense,0,0,1,0
S65N,missense,0,1,1,0
S65P,missense,0,0,1,3
S65Q,missense,0,0,0,2
S65R,missense,0,3,3,0
S65S,silent,1,1,1,3
S65T,missense,0,1,3,0
S65V,missense,0,0,1,3
S65W,missense,0,0,1,0
S65Y,missense,0,0,1,1
S65X,nonsense,0,0,1,2
A66A,silent,1,3,0,0
A66C,missense,0,0,0,2
A66D,missense,0,0,2,0
A66E,missense,0,1,1,0
A66F,missense,0,0,0,2
A66G,missense,0,1,3,0
A66H,missense,0,0,0,2
A66I,missense,0,0,1,2
A66K,missense,0,0,1,1
A66L,missense,0,0,2,4
A66M,missense,0,0,0,1
A66N,missense,0,0,0,2
A66P,missense,0,1,3,0
A66Q,missense,0,0,1,1
A66R,missense,0,0,2,4
A66S,missense,0,1,3,2
A66T,missense,0,1,3,0
A66V,missense,0,1,3,0
A66W,missense,0,0,0,1
A66Y,missense,0,0,0,2
A66X,nonsense,0,0,2,1
M67A,missense,0,0,1,3
M67C,missense,0,0,0,2
M67D,missense,0,0,0,2
M67E,missense,0,0,1,1
M67F,missense,0,0,2,0
M67G,missense,0,0,1,3
M67H,missense,0,0,0,2
M67I,missense,0,3,0,0
M67K,missense,0,1,1,0
M67L,missense,0,2,4,0
M67M,silent,1,0,0,0
M67N,missense,0,0,2,0
M67P,missense,0,0,1,3
M67Q,missense,0,0,1,1
M67R,missense,0,1,2,3
M67S,missense,0,0,3,3
M67T,missense,0,1,3,0
M67V,missense,0,1,3,0
M67W,missense,0,0,1,0
M67Y,missense,0,0,0,2
M67X,nonsense,0,0,1,2
R68A,missense,0,0,1,3
R68C,missense,0,0,2,0
R68D,missense,0,0,0,2
R68E,missense,0,0,1,1
R68F,missense,0,0,0,2
R68G,missense,0,1,3,0
R68H,missense,0,0,0,2
R68I,missense,0,0,3,0
R68K,missense,0,1,1,0
R68L,missense,0,0,2,4
R68M,missense,0,1,0,0
R68N,missense,0,0,2,0
R68P,missense,0,0,1,3
R68Q,missense,0,0,1,1
R68R,silent,1,2,3,0
R68S,missense,0,2,1,3
R68T,missense,0,1,3,0
R68V,missense,0,0,1,3
R68W,missense,0,1,0,0
R68Y,missense,0,0,0,2
R68X,nonsense,0,0,2,1
D69A,missense,0,1,3,0
D69C,missense,0,0,1,1
D69D,silent,1,1,0,0
D69E,missense,0,2,0,0
D69F,missense,0,0,1,1
D69G,missense,0,1,3,0
D69H,missense,0,1,1,0
D69I,missense,0,0,1,2
D69K,missense,0,0,2,0
D69L,missense,0,0,1,5
D69M,missense,0,0,0,1
D69N,missense,0,1,1,0
D69P,missense,0,0,1,3
D69Q,missense,0,0,2,0
D69R,missense,0,0,1,5
D69S,missense,0,0,2,4
D69T,missense,0,0,1,3
D69V,missense,0,1,3,0
D69W,missense,0,0,0,1
D69Y,missense,0,1,1,0
D69X,nonsense,0,0,2,1
Q70A,missense,0,0,1,3
Q70C,missense,0,0,0,2
Q70D,missense,0,0,2,0
Q70E,missense,0,1,1,0
Q70F,missense,0,0,0,2
Q70G,missense,0,0,1,3
Q70H,missense,0,2,0,0
Q70I,missense,0,0,0,3
Q70K,missense,0,1,1,0
Q70L,missense,0,1,4,1
Q70M,missense,0,0,1,0
Q70N,missense,0,0,2,0
Q70P,missense,0,1,3,0
Q70Q,silent,1,1,0,0
Q70R,missense,0,1,4,1
Q70S,missense,0,0,1,5
Q70T,missense,0,0,1,3
Q70V,missense,0,0,1,3
Q70W,missense,0,0,1,0
Q70Y,missense,0,0,2,0
Q70X,nonsense,0,1,1,1
Y71A,missense,0,0,1,3
Y71C,missense,0,1,1,0
Y71D,missense,0,1,1,0
Y71E,missense,0,0,2,0
Y71F,missense,0,1,1,0
Y71G,missense,0,0,1,3
Y71H,missense,0,1,1,0
Y71I,missense,0,0,1,2
Y71K,missense,0,0,2,0
Y71L,missense,0,0,3,3
Y71M,missense,0,0,0,1
Y71N,missense,0,1,1,0
Y71P,missense,0,0,1,3
Y71Q,missense,0,0,2,0
Y71R,missense,0,0,1,5
Y71S,missense,0,1,4,1
Y71T,missense,0,0,1,3
Y71V,missense,0,0,1,3
Y71W,missense,0,0,1,0
Y71Y,silent,1,1,0,0
Y71X,nonsense,0,2,1,0
M72A,missense,0,0,1,3
M72C,missense,0,0,0,2
M72D,missense,0,0,0,2
M72E,missense,0,0,1,1
M72F,missense,0,0,2,0
M72G,missense,0,0,1,3
M72H,missense,0,0,0,2
M72I,missense,0,3,0,0
M72K,missense,0,1,1,0
M72L,missense,0,2,4,0
M72M,silent,1,0,0,0
M72N,missense,0,0,2,0
M72P,missense,0,0,1,3
M72Q,missense,0,0,1,1
M72R,missense,0,1,2,3
M72S,missense,0,0,3,3
M72T,missense,0,1,3,0
M72V,missense,0,1,3,0
M72W,missense,0,0,1,0
M72Y,missense,0,0,0,2
M72X,nonsense,0,0,1,2
R73A,missense,0,0,1,3
R73C,missense,0,0,2,0
R73D,missense,0,0,0,2
R73E,missense,0,0,1,1
R73F,missense,0,0,0,2
R73G,missense,0,1,3,0
R73H,missense,0,0,0,2
R73I,missense,0,0,3,0
R73K,missense,0,1,1,0
R73L,missense,0,0,2,4
R73M,missense,0,1,0,0
R73N,missense,0,0,2,0
R73P,missense,0,0,1,3
R73Q,missense,0,0,1,1
R73R,silent,1,2,3,0
R73S,missense,0,2,1,3
R73T,missense,0,1,3,0
R73V,missense,0,0,1,3
R73W,missense,0,1,0,0
R73Y,missense,0,0,0,2
R73X,nonsense,0,0,2,1
T74A,missense,0,1,3,0
T74C,missense,0,0,1,1
T74D,missense,0,0,1,1
T74E,missense,0,0,0,2
T74F,missense,0,0,1,1
T74G,missense,0,0,1,3
T74H,missense,0,0,1,1
T74I,missense,0,1,2,0
T74K,missense,0,0,2,0
T74L,missense,0,0,1,5
T74M,missense,0,0,1,0
T74N,missense,0,1,1,0
T74P,missense,0,1,3,0
T74Q,missense,0,0,0,2
T74R,missense,0,0,3,3
T74S,missense,0,2,4,0
T74T,silent,1,3,0,0
T74V,missense,0,0,1,3
T74W,missense,0,0,0,1
T74Y,missense,0,0,1,1
T74X,nonsense,0,0,0,3
G75A,missense,0,1,3,0
G75C,missense,0,0,2,0
G75D,missense,0,0,2,0
G75E,missense,0,1,1,0
G75F,missense,0,0,0,2
G75G,silent,1,3,0,0
G75H,missense,0,0,0,2
G75I,missense,0,0,0,3
G75K,missense,0,0,1,1
G75L,missense,0,0,2,4
G75M,missense,0,0,1,0
G75N,missense,0,0,0,2
G75P,missense,0,0,1,3
G75Q,missense,0,0,1,1
G75R,missense,0,2,4,0
G75S,missense,0,0,3,3
G75T,missense,0,0,1,3
G75V,missense,0,1,3,0
G75W,missense,0,1,0,0
G75Y,missense,0,0,0,2
G75X,nonsense,0,0,2,1
E76A,missense,0,1,3,0
E76C,missense,0,0,0,2
E76D,missense,0,2,0,0
E76E,silent,1,1,0,0
E76F,missense,0,0,0,2
E76G,missense,0,1,3,0
E76H,missense,0,0,2,0
E76I,missense,0,0,0,3
E76K,missense,0,1,1,0
E76L,missense,0,0,2,4
E76M,missense,0,0,1,0
E76N,missense,0,0,2,0
E76P,missense,0,0,1,3
E76Q,missense,0,1,1,0
E76R,missense,0,0,2,4
E76S,missense,0,0,1,5
E76T,missense,0,0,1,3
E76V,missense,0,1,3,0
E76W,missense,0,0,1,0
E76Y,missense,0,0,2,0
E76X,nonsense,0,1,1,1
G77A,missense,0,1,3,0
G77C,missense,0,1,1,0
G77D,missense,0,1,1,0
G77E,missense,0,0,2,0
G77F,missense,0,0,1,1
G77G,silent,1,3,0,0
G77H,missense,0,0,1,1
G77I,missense,0,0,1,2
G77K,missense,0,0,0,2
G77L,missense,0,0,1,5
G77M,missense,0,0,0,1
G77N,missense,0,0,1,1
G77P,missense,0,0,1,3
G77Q,missense,0,0,0,2
G77R,missense,0,1,5,0
G77S,missense,0,1,2,3
G77T,missense,0,0,1,3
G77V,missense,0,1,3,0
G77W,missense,0,0,1,0
G77Y,missense,0,0,1,1
G77X,nonsense,0,0,1,2
F78A,missense,0,0,1,3
F78C,missense,0,1,1,0
F78D,missense,0,0,1,1
F78E,missense,0,0,0,2
F78F,silent,1,1,0,0
F78G,missense,0,0,1,3
F78H,missense,0,0,1,1
F78I,missense,0,1,2,0
F78K,missense,0,0,0,2
F78L,missense,0,3,3,0
F78M,missense,0,0,1,0
F78N,missense,0,0,1,1
F78P,missense,0,0,1,3
F78Q,missense,0,0,0,2
F78R,missense,0,0,1,5
F78S,missense,0,1,4,1
F78T,missense,0,0,1,3
F78V,missense,0,1,3,0
F78W,missense,0,0,1,0
F78Y,missense,0,1,1,0
F78X,nonsense,0,0,3,0
L79A,missense,0,0,1,3
L79C,missense,0,0,1,1
L79D,missense,0,0,1,1
L79E,missense,0,0,0,2
L79F,missense,0,1,1,0
L79G,missense,0,0,1,3
L79H,missense,0,1,1,0
L79I,missense,0,1,2,0
L79K,missense,0,0,0,2
L79L,silent,1,3,2,0
L79M,missense,0,0,1,0
L79N,missense,0,0,1,1
L79P,missense,0,1,3,0
L79Q,missense,0,0,2,0
L79R,missense,0,1,3,2
L79S,missense,0,0,2,4
L79T,missense,0,0,1,3
L79V,missense,0,1,3,0
L79W,missense,0,0,0,1
L79Y,missense,0,0,1,1
L79X,nonsense,0,0,0,3
C80A,missense,0,0,1,3
C80C,silent,1,1,0,0
C80D,missense,0,0,1,1
C80E,missense,0,0,0,2
C80F,missense,0,1,1,0
C80G,missense,0,1,3,0
C80H,missense,0,0,1,1
C80I,missense,0,0,1,2
C80K,missense,0,0,0,2
C80L,missense,0,0,3,3
C80M,missense,0,0,0,1
C80N,missense,0,0,1,1
C80P,missense,0,0,1,3
C80Q,missense,0,0,0,2
C80R,missense,0,1,5,0
C80S,missense,0,2,4,0
C80T,missense,0,0,1,3
C80V,missense,0,0,1,3
C80W,missense,0,1,0,0
C80Y,missense,0,1,1,0
C80X,nonsense,0,1,2,0
V81A,missense,0,1,3,0
V81C,missense,0,0,0,2
V81D,missense,0,0,2,0
V81E,missense,0,1,1,0
V81F,missense,0,0,2,0
V81G,missense,0,1,3,0
V81H,missense,0,0,0,2
V81I,missense,0,1,2,0
V81K,missense,0,0,1,1
V81L,missense,0,2,4,0
V81M,missense,0,0,1,0
V81N,missense,0,0,0,2
V81P,missense,0,0,1,3
V81Q,missense,0,0,1,1
V81R,missense,0,0,2,4
V81S,missense,0,0,1,5
V81T,missense,0,0,1,3
V81V,silent,1,3,0,0
V81W,missense,0,0,0,1
V81Y,missense,0,0,0,2
V81X,nonsense,0,0,2,1
F82A,missense,0,0,1,3
F82C,missense,0,1,1,0
F82D,missense,0,0,1,1
F82E,missense,0,0,0,2
F82F,silent,1,1,0,0
F82G,missense,0,0,1,3
F82H,missense,0,0,1,1
F82I,missense,0,1,2,0
F82K,missense,0,0,0,2
F82L,missense,0,3,3,0
F82M,missense,0,0,1,0
F82N,missense,0,0,1,1
F82P,missense,0,0,1,3
F82Q,missense,0,0,0,2
F82R,missense,0,0,1,5
F82S,missense,0,1,4,1
F82T,missense,0,0,1,3
F82V,missense,0,1,3,0
F82W,missense,0,0,1,0
F82Y,missense,0,1,1,0
F82X,nonsense,0,0,3,0
A83A,silent,1,3,0,0
A83C,missense,0,0,1,1
A83D,missense,0,1,1,0
A83E,missense,0,0,2,0
A83F,missense,0,0,1,1
A83G,missense,0,1,3,0
A83H,missense,0,0,1,1
A83I,missense,0,0,1,2
A83K,missense,0,0,0,2
A83L,missense,0,0,1,5
A83M,missense,0,0,0,1
A83N,missense,0,0,1,1
A83P,missense,0,1,3,0
A83Q,missense,0,0,0,2
A83R,missense,0,0,1,5
A83S,missense,0,1,4,1
A83T,missense,0,1,3,0
A83V,missense,0,1,3,0
A83W,missense,0,0,0,1
A83Y,missense,0,0,1,1
A83X,nonsense,0,0,0,3
I84A,missense,0,0,1,3
I84C,missense,0,0,0,2
I84D,missense,0,0,0,2
I84E,missense,0,0,1,1
I84F,missense,0,0,2,0
I84G,missense,0,0,1,3
I84H,missense,0,0,0,2
I84I,silent,1,2,0,0
I84K,missense,0,1,1,0
I84L,missense,0,2,4,0
I84M,missense,0,1,0,0
I84N,missense,0,0,2,0
I84P,missense,0,0,1,3
I84Q,missense,0,0,1,1
I84R,missense,0,1,2,3
I84S,missense,0,0,3,3
I84T,missense,0,1,3,0
I84V,missense,0,1,3,0
I84W,missense,0,0,0,1
I84Y,missense,0,0,0,2
I84X,nonsense,0,0,2,1
N85A,missense,0,0,1,3
N85C,missense,0,0,1,1
N85D,missense,0,1,1,0
N85E,missense,0,0,2,0
N85F,missense,0,0,1,1
N85G,missense,0,0,1,3
N85H,missense,0,1,1,0
N85I,missense,0,1,2,0
N85K,missense,0,2,0,0
N85L,missense,0,0,1,5
N85M,missense,0,0,1,0
N85N,silent,1,1,0,0
N85P,missense,0,0,1,3
N85Q,missense,0,0,2,0
N85R,missense,0,0,3,3
N85S,missense,0,1,2,3
N85T,missense,0,1,3,0
N85V,missense,0,0,1,3
N85W,missense,0,0,0,1
N85Y,missense,0,1,1,0
N85X,nonsense,0,0,2,1
N86A,missense,0,0,1,3
N86C,missense,0,0,1,1
N86D,missense,0,1,1,0
N86E,missense,0,0,2,0
N86F,missense,0,0,1,1
N86G,missense,0,0,1,3
N86H,missense,0,1,1,0
N86I,missense,0,1,2,0
N86K,missense,0,2,0,0
N86L,missense,0,0,1,5
N86M,missense,0,0,1,0
N86N,silent,1,1,0,0
N86P,missense,0,0,1,3
N86Q,missense,0,0,2,0
N86R,missense,0,0,3,3
N86S,missense,0,1,2,3
N86T,missense,0,1,3,0
N86V,missense,0,0,1,3
N86W,missense,0,0,0,1
N86Y,missense,0,1,1,0
N86X,nonsense,0,0,2,1
T87A,missense,0,1,3,0
T87C,missense,0,0,1,1
T87D,missense,0,0,1,1
T87E,missense,0,0,0,2
T87F,missense,0,0,1,1
T87G,missense,0,0,1,3
T87H,missense,0,0,1,1
T87I,missense,0,1,2,0
T87K,missense,0,0,2,0
T87L,missense,0,0,1,5
T87M,missense,0,0,1,0
T87N,missense,0,1,1,0
T87P,missense,0,1,3,0
T87Q,missense,0,0,0,2
T87R,missense,0,0,3,3
T87S,missense,0,2,4,0
T87T,silent,1,3,0,0
T87V,missense,0,0,1,3
T87W,missense,0,0,0,1
T87Y,missense,0,0,1,1
T87X,nonsense,0,0,0,3
K88A,missense,0,0,1,3
K88C,missense,0,0,0,2
K88D,missense,0,0,2,0
K88E,missense,0,1,1,0
K88F,missense,0,0,0,2
K88G,missense,0,0,1,3
K88H,missense,0,0,2,0
K88I,missense,0,1,2,0
K88K,silent,1,1,0,0
K88L,missense,0,0,2,4
K88M,missense,0,0,1,0
K88N,missense,0,2,0,0
K88P,missense,0,0,1,3
K88Q,missense,0,1,1,0
K88R,missense,0,1,2,3
K88S,missense,0,0,3,3
K88T,missense,0,1,3,0
K88V,missense,0,0,1,3
K88W,missense,0,0,0,1
K88Y,missense,0,0,2,0
K88X,nonsense,0,1,2,0
S89A,missense,0,1,3,0
S89C,missense,0,0,2,0
S89D,missense,0,0,0,2
S89E,missense,0,0,1,1
S89F,missense,0,0,2,0
S89G,missense,0,0,1,3
S89H,missense,0,0,0,2
S89I,missense,0,0,1,2
S89K,missense,0,0,1,1
S89L,missense,0,1,2,3
S89M,missense,0,0,0,1
S89N,missense,0,0,0,2
S89P,missense,0,1,3,0
S89Q,missense,0,0,1,1
S89R,missense,0,0,2,4
S89S,silent,1,3,0,2
S89T,missense,0,1,3,0
S89V,missense,0,0,1,3
S89W,missense,0,0,1,0
S89Y,missense,0,0,2,0
S89X,nonsense,0,2,1,0
F90A,missense,0,0,1,3
F90C,missense,0,1,1,0
F90D,missense,0,0,1,1
F90E,missense,0,0,0,2
F90F,silent,1,1,0,0
F90G,missense,0,0,1,3
F90H,missense,0,0,1,1
F90I,missense,0,1,2,0
F90K,missense,0,0,0,2
F90L,missense,0,3,3,0
F90M,missense,0,0,1,0
F90N,missense,0,0,1,1
F90P,missense,0,0,1,3
F90Q,missense,0,0,0,2
F90R,missense,0,0,1,5
F90S,missense,0,1,4,1
F90T,missense,0,0,1,3
F90V,missense,0,1,3,0
F90W,missense,0,0,1,0
F90Y,missense,0,1,1,0
F90X,nonsense,0,0,3,0
E91A,missense,0,1,3,0
E91C,missense,0,0,0,2
E91D,missense,0,2,0,0
E91E,silent,1,1,0,0
E91F,missense,0,0,0,2
E91G,missense,0,1,3,0
E91H,missense,0,0,2,0
E91I,missense,0,0,1,2
E91K,missense,0,1,1,0
E91L,missense,0,0,2,4
E91M,missense,0,0,0,1
E91N,missense,0,0,2,0
E91P,missense,0,0,1,3
E91Q,missense,0,1,1,0
E91R,missense,0,0,2,4
E91S,missense,0,0,1,5
E91T,missense,0,0,1,3
E91V,missense,0,1,3,0
E91W,missense,0,0,0,1
E91Y,missense,0,0,2,0
E91X,nonsense,0,1,2,0
D92A,missense,0,1,3,0
D92C,missense,0,0,1,1
D92D,silent,1,1,0,0
D92E,missense,0,2,0,0
D92F,missense,0,0,1,1
D92G,missense,0,1,3,0
D92H,missense,0,1,1,0
D92I,missense,0,0,1,2
D92K,missense,0,0,2,0
D92L,missense,0,0,1,5
D92M,missense,0,0,0,1
D92N,missense,0,1,1,0
D92P,missense,0,0,1,3
D92Q,missense,0,0,2,0
D92R,missense,0,0,1,5
D92S,missense,0,0,2,4
D92T,missense,0,0,1,3
D92V,missense,0,1,3,0
D92W,missense,0,0,0,1
D92Y,missense,0,1,1,0
D92X,nonsense,0,0,2,1
I93A,missense,0,0,1,3
I93C,missense,0,0,1,1
I93D,missense,0,0,1,1
I93E,missense,0,0,0,2
I93F,missense,0,1,1,0
I93G,missense,0,0,1,3
I93H,missense,0,0,1,1
I93I,silent,1,2,0,0
I93K,missense,0,0,2,0
I93L,missense,0,1,5,0
I93M,missense,0,1,0,0
I93N,missense,0,1,1,0
I93P,missense,0,0,1,3
I93Q,missense,0,0,0,2
I93R,missense,0,0,3,3
I93S,missense,0,1,2,3
I93T,missense,0,1,3,0
I93V,missense,0,1,3,0
I93W,missense,0,0,0,1
I93Y,missense,0,0,1,1
I93X,nonsense,0,0,0,3
H94A,missense,0,0,1,3
H94C,missense,0,0,1,1
H94D,missense,0,1,1,0
H94E,missense,0,0,2,0
H94F,missense,0,0,1,1
H94G,missense,0,0,1,3
H94H,silent,1,1,0,0
H94I,missense,0,0,1,2
H94K,missense,0,0,2,0
H94L,missense,0,1,3,2
H94M,missense,0,0,0,1
H94N,missense,0,1,1,0
H94P,missense,0,1,3,0
H94Q,missense,0,2,0,0
H94R,missense,0,1,3,2
H94S,missense,0,0,2,4
H94T,missense,0,0,1,3
H94V,missense,0,0,1,3
H94W,missense,0,0,0,1
H94Y,missense,0,1,1,0
H94X,nonsense,0,0,2,1
H95A,missense,0,0,1,3
H95C,missense,0,0,1,1
H95D,missense,0,1,1,0
H95E,missense,0,0,2,0
H95F,missense,0,0,1,1
H95G,missense,0,0,1,3
H95H,silent,1,1,0,0
H95I,missense,0,0,1,2
H95K,missense,0,0,2,0
H95L,missense,0,1,3,2
H95M,missense,0,0,0,1
H95N,missense,0,1,1,0
H95P,missense,0,1,3,0
H95Q,missense,0,2,0,0
H95R,missense,0,1,3,2
H95S,missense,0,0,2,4
H95T,missense,0,0,1,3
H95V,missense,0,0,1,3
H95W,missense,0,0,0,1
H95Y,missense,0,1,1,0
H95X,nonsense,0,0,2,1
Y96A,missense,0,0,1,3
Y96C,missense,0,1,1,0
Y96D,missense,0,1,1,0
Y96E,missense,0,0,2,0
Y96F,missense,0,1,1,0
Y96G,missense,0,0,1,3
Y96H,missense,0,1,1,0
Y96I,missense,0,0,1,2
Y96K,missense,0,0,2,0
Y96L,missense,0,0,3,3
Y96M,missense,0,0,0,1
Y96N,missense,0,1,1,0
Y96P,missense,0,0,1,3
Y96Q,missense,0,0,2,0
Y96R,missense,0,0,1,5
Y96S,missense,0,1,4,1
Y96T,missense,0,0,1,3
Y96V,missense,0,0,1,3
Y96W,missense,0,0,1,0
Y96Y,silent,1,1,0,0
Y96X,nonsense,0,2,1,0
R97A,missense,0,0,1,3
R97C,missense,0,0,2,0
R97D,missense,0,0,0,2
R97E,missense,0,0,1,1
R97F,missense,0,0,0,2
R97G,missense,0,1,3,0
R97H,missense,0,0,0,2
R97I,missense,0,1,2,0
R97K,missense,0,1,1,0
R97L,missense,0,0,2,4
R97M,missense,0,0,1,0
R97N,missense,0,0,2,0
R97P,missense,0,0,1,3
R97Q,missense,0,0,1,1
R97R,silent,1,2,3,0
R97S,missense,0,2,1,3
R97T,missense,0,1,3,0
R97V,missense,0,0,1,3
R97W,missense,0,0,1,0
R97Y,missense,0,0,0,2
R97X,nonsense,0,1,1,1
E98A,missense,0,1,3,0
E98C,missense,0,0,0,2
E98D,missense,0,2,0,0
E98E,silent,1,1,0,0
E98F,missense,0,0,0,2
E98G,missense,0,1,3,0
E98H,missense,0,0,2,0
E98I,missense,0,0,1,2
E98K,missense,0,1,1,0
E98L,missense,0,0,2,4
E98M,missense,0,0,0,1
E98N,missense,0,0,2,0
E98P,missense,0,0,1,3
E98Q,missense,0,1,1,0
E98R,missense,0,0,2,4
E98S,missense,0,0,1,5
E98T,missense,0,0,1,3
E98V,missense,0,1,3,0
E98W,missense,0,0,0,1
E98Y,missense,0,0,2,0
E98X,nonsense,0,1,2,0
Q99A,missense,0,0,1,3
Q99C,missense,0,0,0,2
Q99D,missense,0,0,2,0
Q99E,missense,0,1,1,0
Q99F,missense,0,0,0,2
Q99G,missense,0,0,1,3
Q99H,missense,0,2,0,0
Q99I,missense,0,0,1,2
Q99K,missense,0,1,1,0
Q99L,missense,0,1,4,1
Q99M,missense,0,0,0,1
Q99N,missense,0,0,2,0
Q99P,missense,0,1,3,0
Q99Q,silent,1,1,0,0
Q99R,missense,0,1,4,1
Q99S,missense,0,0,1,5
Q99T,missense,0,0,1,3
Q99V,missense,0,0,1,3
Q99W,missense,0,0,0,1
Q99Y,missense,0,0,2,0
Q99X,nonsense,0,1,2,0
I100A,missense,0,0,1,3
I100C,missense,0,0,1,1
I100D,missense,0,0,1,1
I100E,missense,0,0,0,2
I100F,missense,0,1,1,0
I100G,missense,0,0,1,3
I100H,missense,0,0,1,1
I100I,silent,1,2,0,0
I100K,missense,0,0,2,0
I100L,missense,0,1,5,0
I100M,missense,0,1,0,0
I100N,missense,0,1,1,0
I100P,missense,0,0,1,3
I100Q,missense,0,0,0,2
I100R,missense,0,0,3,3
I100S,missense,0,1,2,3
I100T,missense,0,1,3,0
I100V,missense,0,1,3,0
I100W,missense,0,0,0,1
I100Y,missense,0,0,1,1
I100X,nonsense,0,0,0,3
K101A,missense,0,0,1,3
K101C,missense,0,0,0,2
K101D,missense,0,0,2,0
K101E,missense,0,1,1,0
K101F,missense,0,0,0,2
K101G,missense,0,0,1,3
K101H,missense,0,0,2,0
K101I,missense,0,1,2,0
K101K,silent,1,1,0,0
K101L,missense,0,0,2,4
K101M,missense,0,0,1,0
K101N,missense,0,2,0,0
K101P,missense,0,0,1,3
K101Q,missense,0,1,1,0
K101R,missense,0,1,2,3
K101S,missense,0,0,3,3
K101T,missense,0,1,3,0
K101V,missense,0,0,1,3
K101W,missense,0,0,0,1
K101Y,missense,0,0,2,0
K101X,nonsense,0,1,2,0
R102A,missense,0,0,1,3
R102C,missense,0,0,2,0
R102D,missense,0,0,0,2
R102E,missense,0,0,1,1
R102F,missense,0,0,0,2
R102G,missense,0,1,3,0
R102H,missense,0,0,0,2
R102I,missense,0,1,2,0
R102K,missense,0,1,1,0
R102L,missense,0,0,2,4
R102M,missense,0,0,1,0
R102N,missense,0,0,2,0
R102P,missense,0,0,1,3
R102Q,missense,0,0,1,1
R102R,silent,1,2,3,0
R102S,missense,0,2,1,3
R102T,missense,0,1,3,0
R102V,missense,0,0,1,3
R102W,missense,0,0,1,0
R102Y,missense,0,0,0,2
R102X,nonsense,0,1,1,1
V103A,missense,0,1,3,0
V103C,missense,0,0,1,1
V103D,missense,0,1,1,0
V103E,missense,0,0,2,0
V103F,missense,0,1,1,0
V103G,missense,0,1,3,0
V103H,missense,0,0,1,1
V103I,missense,0,1,2,0
V103K,missense,0,0,0,2
V103L,missense,0,1,5,0
V103M,missense,0,0,1,0
V103N,missense,0,0,1,1
V103P,missense,0,0,1,3
V103Q,missense,0,0,0,2
V103R,missense,0,0,1,5
V103S,missense,0,0,2,4
V103T,missense,0,0,1,3
V103V,silent,1,3,0,0
V103W,missense,0,0,0,1
V103Y,missense,0,0,1,1
V103X,nonsense,0,0,0,3
K104A,missense,0,0,1,3
K104C,missense,0,0,0,2
K104D,missense,0,0,2,0
K104E,missense,0,1,1,0
K104F,missense,0,0,0,2
K104G,missense,0,0,1,3
K104H,missense,0,0,2,0
K104I,missense,0,0,3,0
K104K,silent,1,1,0,0
K104L,missense,0,0,2,4
K104M,missense,0,1,0,0
K104N,missense,0,2,0,0
K104P,missense,0,0,1,3
K104Q,missense,0,1,1,0
K104R,missense,0,1,2,3
K104S,missense,0,0,3,3
K104T,missense,0,1,3,0
K104V,missense,0,0,1,3
K104W,missense,0,0,1,0
K104Y,missense,0,0,2,0
K104X,nonsense,0,1,1,1
D105A,missense,0,1,3,0
D105C,missense,0,0,1,1
D105D,silent,1,1,0,0
D105E,missense,0,2,0,0
D105F,missense,0,0,1,1
D105G,missense,0,1,3,0
D105H,missense,0,1,1,0
D105I,missense,0,0,1,2
D105K,missense,0,0,2,0
D105L,missense,0,0,1,5
D105M,missense,0,0,0,1
D105N,missense,0,1,1,0
D105P,missense,0,0,1,3
D105Q,missense,0,0,2,0
D105R,missense,0,0,1,5
D105S,missense,0,0,2,4
D105T,missense,0,0,1,3
D105V,missense,0,1,3,0
D105W,missense,0,0,0,1
D105Y,missense,0,1,1,0
D105X,nonsense,0,0,2,1
S106A,missense,0,1,3,0
S106C,missense,0,1,1,0
S106D,missense,0,0,1,1
S106E,missense,0,0,0,2
S106F,missense,0,1,1,0
S106G,missense,0,0,1,3
S106H,missense,0,0,1,1
S106I,missense,0,0,1,2
S106K,missense,0,0,0,2
S106L,missense,0,0,3,3
S106M,missense,0,0,0,1
S106N,missense,0,0,1,1
S106P,missense,0,1,3,0
S106Q,missense,0,0,0,2
S106R,missense,0,0,1,5
S106S,silent,1,3,1,1
S106T,missense,0,1,3,0
S106V,missense,0,0,1,3
S106W,missense,0,0,1,0
S106Y,missense,0,1,1,0
S106X,nonsense,0,0,3,0
E107A,missense,0,1,3,0
E107C,missense,0,0,0,2
E107D,missense,0,2,0,0
E107E,silent,1,1,0,0
E107F,missense,0,0,0,2
E107G,missense,0,1,3,0
E107H,missense,0,0,2,0
E107I,missense,0,0,1,2
E107K,missense,0,1,1,0
E107L,missense,0,0,2,4
E107M,missense,0,0,0,1
E107N,missense,0,0,2,0
E107P,missense,0,0,1,3
E107Q,missense,0,1,1,0
E107R,missense,0,0,2,4
E107S,missense,0,0,1,5
E107T,missense,0,0,1,3
E107V,missense,0,1,3,0
E107W,missense,0,0,0,1
E107Y,missense,0,0,2,0
E107X,nonsense,0,1,2,0
D108A,missense,0,1,3,0
D108C,missense,0,0,1,1
D108D,silent,1,1,0,0
D108E,missense,0,2,0,0
D108F,missense,0,0,1,1
D108G,missense,0,1,3,0
D108H,missense,0,1,1,0
D108I,missense,0,0,1,2
D108K,missense,0,0,2,0
D108L,missense,0,0,1,5
D108M,missense,0,0,0,1
D108N,missense,0,1,1,0
D108P,missense,0,0,1,3
D108Q,missense,0,0,2,0
D108R,missense,0,0,1,5
D108S,missense,0,0,2,4
D108T,missense,0,0,1,3
D108V,missense,0,1,3,0
D108W,missense,0,0,0,1
D108Y,missense,0,1,1,0
D108X,nonsense,0,0,2,1
V109A,missense,0,1,3,0
V109C,missense,0,0,0,2
V109D,missense,0,0,2,0
V109E,missense,0,1,1,0
V109F,missense,0,0,2,0
V109G,missense,0,1,3,0
V109H,missense,0,0,0,2
V109I,missense,0,1,2,0
V109K,missense,0,0,1,1
V109L,missense,0,2,4,0
V109M,missense,0,0,1,0
V109N,missense,0,0,0,2
V109P,missense,0,0,1,3
V109Q,missense,0,0,1,1
V109R,missense,0,0,2,4
V109S,missense,0,0,1,5
V109T,missense,0,0,1,3
V109V,silent,1,3,0,0
V109W,missense,0,0,0,1
V109Y,missense,0,0,0,2
V109X,nonsense,0,0,2,1
P110A,missense,0,1,3,0
P110C,missense,0,0,1,1
P110D,missense,0,0,1,1
P110E,missense,0,0,0,2
P110F,missense,0,0,1,1
P110G,missense,0,0,1,3
P110H,missense,0,1,1,0
P110I,missense,0,0,1,2
P110K,missense,0,0,0,2
P110L,missense,0,1,3,2
P110M,missense,0,0,0,1
P110N,missense,0,0,1,1
P110P,silent,1,3,0,0
P110Q,missense,0,0,2,0
P110R,missense,0,1,3,2
P110S,missense,0,1,4,1
P110T,missense,0,1,3,0
P110V,missense,0,0,1,3
P110W,missense,0,0,0,1
P110Y,missense,0,0,1,1
P110X,nonsense,0,0,0,3
M111A,missense,0,0,1,3
M111C,missense,0,0,0,2
M111D,missense,0,0,0,2
M111E,missense,0,0,1,1
M111F,missense,0,0,2,0
M111G,missense,0,0,1,3
M111H,missense,0,0,0,2
M111I,missense,0,3,0,0
M111K,missense,0,1,1,0
M111L,missense,0,2,4,0
M111M,silent,1,0,0,0
M111N,missense,0,0,2,0
M111P,missense,0,0,1,3
M111Q,missense,0,0,1,1
M111R,missense,0,1,2,3
M111S,missense,0,0,3,3
M111T,missense,0,1,3,0
M111V,missense,0,1,3,0
M111W,missense,0,0,1,0
M111Y,missense,0,0,0,2
M111X,nonsense,0,0,1,2
V112A,missense,0,1,3,0
V112C,missense,0,0,0,2
V112D,missense,0,0,2,0
V112E,missense,0,1,1,0
V112F,missense,0,0,2,0
V112G,missense,0,1,3,0
V112H,missense,0,0,0,2
V112I,missense,0,0,3,0
V112K,missense,0,0,1,1
V112L,missense,0,2,4,0
V112M,missense,0,1,0,0
V112N,missense,0,0,0,2
V112P,missense,0,0,1,3
V112Q,missense,0,0,1,1
V112R,missense,0,0,2,4
V112S,missense,0,0,1,5
V112T,missense,0,0,1,3
V112V,silent,1,3,0,0
V112W,missense,0,0,1,0
V112Y,missense,0,0,0,2
V112X,nonsense,0,0,1,2
L113A,missense,0,0,1,3
L113C,missense,0,0,0,2
L113D,missense,0,0,0,2
L113E,missense,0,0,1,1
L113F,missense,0,0,2,0
L113G,missense,0,0,1,3
L113H,missense,0,0,2,0
L113I,missense,0,0,3,0
L113K,missense,0,0,1,1
L113L,silent,1,4,1,0
L113M,missense,0,1,0,0
L113N,missense,0,0,0,2
L113P,missense,0,1,3,0
L113Q,missense,0,1,1,0
L113R,missense,0,1,4,1
L113S,missense,0,0,1,5
L113T,missense,0,0,1,3
L113V,missense,0,1,3,0
L113W,missense,0,0,1,0
L113Y,missense,0,0,0,2
L113X,nonsense,0,0,1,2
V114A,missense,0,1,3,0
V114C,missense,0,0,1,1
V114D,missense,0,1,1,0
V114E,missense,0,0,2,0
V114F,missense,0,1,1,0
V114G,missense,0,1,3,0
V114H,missense,0,0,1,1
V114I,missense,0,1,2,0
V114K,missense,0,0,0,2
V114L,missense,0,1,5,0
V114M,missense,0,0,1,0
V114N,missense,0,0,1,1
V114P,missense,0,0,1,3
V114Q,missense,0,0,0,2
V114R,missense,0,0,1,5
V114S,missense,0,0,2,4
V114T,missense,0,0,1,3
V114V,silent,1,3,0,0
V114W,missense,0,0,0,1
V114Y,missense,0,0,1,1
V114X,nonsense,0,0,0,3
G115A,missense,0,1,3,0
G115C,missense,0,1,1,0
G115D,missense,0,1,1,0
G115E,missense,0,0,2,0
G115F,missense,0,0,1,1
G115G,silent,1,3,0,0
G115H,missense,0,0,1,1
G115I,missense,0,0,1,2
G115K,missense,0,0,0,2
G115L,missense,0,0,1,5
G115M,missense,0,0,0,1
G115N,missense,0,0,1,1
G115P,missense,0,0,1,3
G115Q,missense,0,0,0,2
G115R,missense,0,1,5,0
G115S,missense,0,1,2,3
G115T,missense,0,0,1,3
G115V,missense,0,1,3,0
G115W,missense,0,0,1,0
G115Y,missense,0,0,1,1
G115X,nonsense,0,0,1,2
N116A,missense,0,0,1,3
N116C,missense,0,0,1,1
N116D,missense,0,1,1,0
N116E,missense,0,0,2,0
N116F,missense,0,0,1,1
N116G,missense,0,0,1,3
N116H,missense,0,1,1,0
N116I,missense,0,1,2,0
N116K,missense,0,2,0,0
N116L,missense,0,0,1,5
N116M,missense,0,0,1,0
N116N,silent,1,1,0,0
N116P,missense,0,0,1,3
N116Q,missense,0,0,2,0
N116R,missense,0,0,3,3
N116S,missense,0,1,2,3
N116T,missense,0,1,3,0
N116V,missense,0,0,1,3
N116W,missense,0,0,0,1
N116Y,missense,0,1,1,0
N116X,nonsense,0,0,2,1
K117A,missense,0,0,1,3
K117C,missense,0,0,0,2
K117D,missense,0,0,2,0
K117E,missense,0,1,1,0
K117F,missense,0,0,0,2
K117G,missense,0,0,1,3
K117H,missense,0,0,2,0
K117I,missense,0,1,2,0
K117K,silent,1,1,0,0
K117L,missense,0,0,2,4
K117M,missense,0,0,1,0
K117N,missense,0,2,0,0
K117P,missense,0,0,1,3
K117Q,missense,0,1,1,0
K117R,missense,0,1,2,3
K117S,missense,0,0,3,3
K117T,missense,0,1,3,0
K117V,missense,0,0,1,3
K117W,missense,0,0,0,1
K117Y,missense,0,0,2,0
K117X,nonsense,0,1,2,0
C118A,missense,0,0,1,3
C118C,silent,1,1,0,0
C118D,missense,0,0,1,1
C118E,missense,0,0,0,2
C118F,missense,0,1,1,0
C118G,missense,0,1,3,0
C118H,missense,0,0,1,1
C118I,missense,0,0,1,2
C118K,missense,0,0,0,2
C118L,missense,0,0,3,3
C118M,missense,0,0,0,1
C118N,missense,0,0,1,1
C118P,missense,0,0,1,3
C118Q,missense,0,0,0,2
C118R,missense,0,1,5,0
C118S,missense,0,2,4,0
C118T,missense,0,0,1,3
C118V,missense,0,0,1,3
C118W,missense,0,1,0,0
C118Y,missense,0,1,1,0
C118X,nonsense,0,1,2,0
D119A,missense,0,1,3,0
D119C,missense,0,0,1,1
D119D,silent,1,1,0,0
D119E,missense,0,2,0,0
D119F,missense,0,0,1,1
D119G,missense,0,1,3,0
D119H,missense,0,1,1,0
D119I,missense,0,0,1,2
D119K,missense,0,0,2,0
D119L,missense,0,0,1,5
D119M,missense,0,0,0,1
D119N,missense,0,1,1,0
D119P,missense,0,0,1,3
D119Q,missense,0,0,2,0
D119R,missense,0,0,1,5
D119S,missense,0,0,2,4
D119T,missense,0,0,1,3
D119V,missense,0,1,3,0
D119W,missense,0,0,0,1
D119Y,missense,0,1,1,0
D119X,nonsense,0,0,2,1
L120A,missense,0,0,1,3
L120C,missense,0,0,2,0
L120D,missense,0,0,0,2
L120E,missense,0,0,1,1
L120F,missense,0,2,0,0
L120G,missense,0,0,1,3
L120H,missense,0,0,0,2
L120I,missense,0,0,3,0
L120K,missense,0,0,1,1
L120L,silent,1,2,3,0
L120M,missense,0,1,0,0
L120N,missense,0,0,0,2
L120P,missense,0,0,1,3
L120Q,missense,0,0,1,1
L120R,missense,0,0,2,4
L120S,missense,0,1,3,2
L120T,missense,0,0,1,3
L120V,missense,0,1,3,0
L120W,missense,0,1,0,0
L120Y,missense,0,0,2,0
L120X,nonsense,0,1,2,0
P121A,missense,0,1,3,0
P121C,missense,0,0,1,1
P121D,missense,0,0,1,1
P121E,missense,0,0,0,2
P121F,missense,0,0,1,1
P121G,missense,0,0,1,3
P121H,missense,0,1,1,0
P121I,missense,0,0,1,2
P121K,missense,0,0,0,2
P121L,missense,0,1,3,2
P121M,missense,0,0,0,1
P121N,missense,0,0,1,1
P121P,silent,1,3,0,0
P121Q,missense,0,0,2,0
P121R,missense,0,1,3,2
P121S,missense,0,1,4,1
P121T,missense,0,1,3,0
P121V,missense,0,0,1,3
P121W,missense,0,0,0,1
P121Y,missense,0,0,1,1
P121X,nonsense,0,0,0,3
S122A,missense,0,1,3,0
S122C,missense,0,1,1,0
S122D,missense,0,0,1,1
S122E,missense,0,0,0,2
S122F,missense,0,1,1,0
S122G,missense,0,0,1,3
S122H,missense,0,0,1,1
S122I,missense,0,0,1,2
S122K,missense,0,0,0,2
S122L,missense,0,0,3,3
S122M,missense,0,0,0,1
S122N,missense,0,0,1,1
S122P,missense,0,1,3,0
S122Q,missense,0,0,0,2
S122R,missense,0,0,1,5
S122S,silent,1,3,1,1
S122T,missense,0,1,3,0
S122V,missense,0,0,1,3
S122W,missense,0,0,1,0
S122Y,missense,0,1,1,0
S122X,nonsense,0,0,3,0
R123A,missense,0,0,1,3
R123C,missense,0,0,2,0
R123D,missense,0,0,0,2
R123E,missense,0,0,1,1
R123F,missense,0,0,0,2
R123G,missense,0,1,3,0
R123H,missense,0,0,0,2
R123I,missense,0,1,2,0
R123K,missense,0,1,1,0
R123L,missense,0,0,2,4
R123M,missense,0,0,1,0
R123N,missense,0,0,2,0
R123P,missense,0,0,1,3
R123Q,missense,0,0,1,1
R123R,silent,1,2,3,0
R123S,missense,0,2,1,3
R123T,missense,0,1,3,0
R123V,missense,0,0,1,3
R123W,missense,0,0,1,0
R123Y,missense,0,0,0,2
R123X,nonsense,0,1,1,1
T124A,missense,0,1,3,0
T124C,missense,0,0,0,2
T124D,missense,0,0,0,2
T124E,missense,0,0,1,1
T124F,missense,0,0,0,2
T124G,missense,0,0,1,3
T124H,missense,0,0,0,2
T124I,missense,0,1,2,0
T124K,missense,0,1,1,0
T124L,missense,0,0,2,4
T124M,missense,0,0,1,0
T124N,missense,0,0,2,0
T124P,missense,0,1,3,0
T124Q,missense,0,0,1,1
T124R,missense,0,1,2,3
T124S,missense,0,1,5,0
T124T,silent,1,3,0,0
T124V,missense,0,0,1,3
T124W,missense,0,0,0,1
T124Y,missense,0,0,0,2
T124X,nonsense,0,0,2,1
V125A,missense,0,1,3,0
V125C,missense,0,0,0,2
V125D,missense,0,0,2,0
V125E,missense,0,1,1,0
V125F,missense,0,0,2,0
V125G,missense,0,1,3,0
V125H,missense,0,0,0,2
V125I,missense,0,1,2,0
V125K,missense,0,0,1,1
V125L,missense,0,2,4,0
V125M,missense,0,0,1,0
V125N,missense,0,0,0,2
V125P,missense,0,0,1,3
V125Q,missense,0,0,1,1
V125R,missense,0,0,2,4
V125S,missense,0,0,1,5
V125T,missense,0,0,1,3
V125V,silent,1,3,0,0
V125W,missense,0,0,0,1
V125Y,missense,0,0,0,2
V125X,nonsense,0,0,2,1
D126A,missense,0,1,3,0
D126C,missense,0,0,1,1
D126D,silent,1,1,0,0
D126E,missense,0,2,0,0
D126F,missense,0,0,1,1
D126G,missense,0,1,3,0
D126H,missense,0,1,1,0
D126I,missense,0,0,1,2
D126K,missense,0,0,2,0
D126L,missense,0,0,1,5
D126M,missense,0,0,0,1
D126N,missense,0,1,1,0
D126P,missense,0,0,1,3
D126Q,missense,0,0,2,0
D126R,missense,0,0,1,5
D126S,missense,0,0,2,4
D126T,missense,0,0,1,3
D126V,missense,0,1,3,0
D126W,missense,0,0,0,1
D126Y,missense,0,1,1,0
D126X,nonsense,0,0,2,1
T127A,missense,0,1,3,0
T127C,missense,0,0,0,2
T127D,missense,0,0,0,2
T127E,missense,0,0,1,1
T127F,missense,0,0,0,2
T127G,missense,0,0,1,3
T127H,missense,0,0,0,2
T127I,missense,0,1,2,0
T127K,missense,0,1,1,0
T127L,missense,0,0,2,4
T127M,missense,0,0,1,0
T127N,missense,0,0,2,0
T127P,missense,0,1,3,0
T127Q,missense,0,0,1,1
T127R,missense,0,1,2,3
T127S,missense,0,1,5,0
T127T,silent,1,3,0,0
T127V,missense,0,0,1,3
T127W,missense,0,0,0,1
T127Y,missense,0,0,0,2
T127X,nonsense,0,0,2,1
K128A,missense,0,0,1,3
K128C,missense,0,0,0,2
K128D,missense,0,0,2,0
K128E,missense,0,1,1,0
K128F,missense,0,0,0,2
K128G,missense,0,0,1,3
K128H,missense,0,0,2,0
K128I,missense,0,1,2,0
K128K,silent,1,1,0,0
K128L,missense,0,0,2,4
K128M,missense,0,0,1,0
K128N,missense,0,2,0,0
K128P,missense,0,0,1,3
K128Q,missense,0,1,1,0
K128R,missense,0,1,2,3
K128S,missense,0,0,3,3
K128T,missense,0,1,3,0
K128V,missense,0,0,1,3
K128W,missense,0,0,0,1
K128Y,missense,0,0,2,0
K128X,nonsense,0,1,2,0
Q129A,missense,0,0,1,3
Q129C,missense,0,0,0,2
Q129D,missense,0,0,2,0
Q129E,missense,0,1,1,0
Q129F,missense,0,0,0,2
Q129G,missense,0,0,1,3
Q129H,missense,0,2,0,0
Q129I,missense,0,0,0,3
Q129K,missense,0,1,1,0
Q129L,missense,0,1,4,1
Q129M,missense,0,0,1,0
Q129N,missense,0,0,2,0
Q129P,missense,0,1,3,0
Q129Q,silent,1,1,0,0
Q129R,missense,0,1,4,1
Q129S,missense,0,0,1,5
Q129T,missense,0,0,1,3
Q129V,missense,0,0,1,3
Q129W,missense,0,0,1,0
Q129Y,missense,0,0,2,0
Q129X,nonsense,0,1,1,1
A130A,silent,1,3,0,0
A130C,missense,0,0,1,1
A130D,missense,0,1,1,0
A130E,missense,0,0,2,0
A130F,missense,0,0,1,1
A130G,missense,0,1,3,0
A130H,missense,0,0,1,1
A130I,missense,0,0,1,2
A130K,missense,0,0,0,2
A130L,missense,0,0,1,5
A130M,missense,0,0,0,1
A130N,missense,0,0,1,1
A130P,missense,0,1,3,0
A130Q,missense,0,0,0,2
A130R,missense,0,0,1,5
A130S,missense,0,1,4,1
A130T,missense,0,1,3,0
A130V,missense,0,1,3,0
A130W,missense,0,0,0,1
A130Y,missense,0,0,1,1
A130X,nonsense,0,0,0,3
Q131A,missense,0,0,1,3
Q131C,missense,0,0,0,2
Q131D,missense,0,0,2,0
Q131E,missense,0,1,1,0
Q131F,missense,0,0,0,2
Q131G,missense,0,0,1,3
Q131H,missense,0,2,0,0
Q131I,missense,0,0,0,3
Q131K,missense,0,1,1,0
Q131L,missense,0,1,4,1
Q131M,missense,0,0,1,0
Q131N,missense,0,0,2,0
Q131P,missense,0,1,3,0
Q131Q,silent,1,1,0,0
Q131R,missense,0,1,4,1
Q131S,missense,0,0,1,5
Q131T,missense,0,0,1,3
Q131V,missense,0,0,1,3
Q131W,missense,0,0,1,0
Q131Y,missense,0,0,2,0
Q131X,nonsense,0,1,1,1
D132A,missense,0,1,3,0
D132C,missense,0,0,1,1
D132D,silent,1,1,0,0
D132E,missense,0,2,0,0
D132F,missense,0,0,1,1
D132G,missense,0,1,3,0
D132H,missense,0,1,1,0
D132I,missense,0,0,1,2
D132K,missense,0,0,2,0
D132L,missense,0,0,1,5
D132M,missense,0,0,0,1
D132N,missense,0,1,1,0
D132P,missense,0,0,1,3
D132Q,missense,0,0,2,0
D132R,missense,0,0,1,5
D132S,missense,0,0,2,4
D132T,missense,0,0,1,3
D132V,missense,0,1,3,0
D132W,missense,0,0,0,1
D132Y,missense,0,1,1,0
D132X,nonsense,0,0,2,1
L133A,missense,0,0,1,3
L133C,missense,0,0,2,0
L133D,missense,0,0,0,2
L133E,missense,0,0,1,1
L133F,missense,0,2,0,0
L133G,missense,0,0,1,3
L133H,missense,0,0,0,2
L133I,missense,0,1,2,0
L133K,missense,0,0,1,1
L133L,silent,1,2,3,0
L133M,missense,0,0,1,0
L133N,missense,0,0,0,2
L133P,missense,0,0,1,3
L133Q,missense,0,0,1,1
L133R,missense,0,0,2,4
L133S,missense,0,1,3,2
L133T,missense,0,0,1,3
L133V,missense,0,1,3,0
L133W,missense,0,0,1,0
L133Y,missense,0,0,2,0
L133X,nonsense,0,2,1,0
A134A,silent,1,3,0,0
A134C,missense,0,0,0,2
A134D,missense,0,0,2,0
A134E,missense,0,1,1,0
A134F,missense,0,0,0,2
A134G,missense,0,1,3,0
A134H,missense,0,0,0,2
A134I,missense,0,0,1,2
A134K,missense,0,0,1,1
A134L,missense,0,0,2,4
A134M,missense,0,0,0,1
A134N,missense,0,0,0,2
A134P,missense,0,1,3,0
A134Q,missense,0,0,1,1
A134R,missense,0,0,2,4
A134S,missense,0,1,3,2
A134T,missense,0,1,3,0
A134V,missense,0,1,3,0
A134W,missense,0,0,0,1
A134Y,missense,0,0,0,2
A134X,nonsense,0,0,2,1
R135A,missense,0,0,1,3
R135C,missense,0,0,2,0
R135D,missense,0,0,0,2
R135E,missense,0,0,1,1
R135F,missense,0,0,0,2
R135G,missense,0,1,3,0
R135H,missense,0,0,0,2
R135I,missense,0,1,2,0
R135K,missense,0,1,1,0
R135L,missense,0,0,2,4
R135M,missense,0,0,1,0
R135N,missense,0,0,2,0
R135P,missense,0,0,1,3
R135Q,missense,0,0,1,1
R135R,silent,1,2,3,0
R135S,missense,0,2,1,3
R135T,missense,0,1,3,0
R135V,missense,0,0,1,3
R135W,missense,0,0,1,0
R135Y,missense,0,0,0,2
R135X,nonsense,0,1,1,1
S136A,missense,0,0,1,3
S136C,missense,0,1,1,0
S136D,missense,0,0,1,1
S136E,missense,0,0,0,2
S136F,missense,0,0,1,1
S136G,missense,0,1,3,0
S136H,missense,0,0,1,1
S136I,missense,0,1,2,0
S136K,missense,0,0,2,0
S136L,missense,0,0,1,5
S136M,missense,0,0,1,0
S136N,missense,0,1,1,0
S136P,missense,0,0,1,3
S136Q,missense,0,0,0,2
S136R,missense,0,3,3,0
S136S,silent,1,1,1,3
S136T,missense,0,1,3,0
S136V,missense,0,0,1,3
S136W,missense,0,0,1,0
S136Y,missense,0,0,1,1
S136X,nonsense,0,0,1,2
Y137A,missense,0,0,1,3
Y137C,missense,0,1,1,0
Y137D,missense,0,1,1,0
Y137E,missense,0,0,2,0
Y137F,missense,0,1,1,0
Y137G,missense,0,0,1,3
Y137H,missense,0,1,1,0
Y137I,missense,0,0,1,2
Y137K,missense,0,0,2,0
Y137L,missense,0,0,3,3
Y137M,missense,0,0,0,1
Y137N,missense,0,1,1,0
Y137P,missense,0,0,1,3
Y137Q,missense,0,0,2,0
Y137R,missense,0,0,1,5
Y137S,missense,0,1,4,1
Y137T,missense,0,0,1,3
Y137V,missense,0,0,1,3
Y137W,missense,0,0,1,0
Y137Y,silent,1,1,0,0
Y137X,nonsense,0,2,1,0
G138A,missense,0,1,3,0
G138C,missense,0,0,2,0
G138D,missense,0,0,2,0
G138E,missense,0,1,1,0
G138F,missense,0,0,0,2
G138G,silent,1,3,0,0
G138H,missense,0,0,0,2
G138I,missense,0,0,1,2
G138K,missense,0,0,1,1
G138L,missense,0,0,2,4
G138M,missense,0,0,0,1
G138N,missense,0,0,0,2
G138P,missense,0,0,1,3
G138Q,missense,0,0,1,1
G138R,missense,0,2,4,0
G138S,missense,0,0,3,3
G138T,missense,0,0,1,3
G138V,missense,0,1,3,0
G138W,missense,0,0,1,0
G138Y,missense,0,0,0,2
G138X,nonsense,0,1,1,1
I139A,missense,0,0,1,3
I139C,missense,0,0,1,1
I139D,missense,0,0,1,1
I139E,missense,0,0,0,2
I139F,missense,0,1,1,0
I139G,missense,0,0,1,3
I139H,missense,0,0,1,1
I139I,silent,1,2,0,0
I139K,missense,0,0,2,0
I139L,missense,0,1,5,0
I139M,missense,0,1,0,0
I139N,missense,0,1,1,0
I139P,missense,0,0,1,3
I139Q,missense,0,0,0,2
I139R,missense,0,0,3,3
I139S,missense,0,1,2,3
I139T,missense,0,1,3,0
I139V,missense,0,1,3,0
I139W,missense,0,0,0,1
I139Y,missense,0,0,1,1
I139X,nonsense,0,0,0,3
P140A,missense,0,1,3,0
P140C,missense,0,0,1,1
P140D,missense,0,0,1,1
P140E,missense,0,0,0,2
P140F,missense,0,0,1,1
P140G,missense,0,0,1,3
P140H,missense,0,1,1,0
P140I,missense,0,0,1,2
P140K,missense,0,0,0,2
P140L,missense,0,1,3,2
P140M,missense,0,0,0,1
P140N,missense,0,0,1,1
P140P,silent,1,3,0,0
P140Q,missense,0,0,2,0
P140R,missense,0,1,3,2
P140S,missense,0,1,4,1
P140T,missense,0,1,3,0
P140V,missense,0,0,1,3
P140W,missense,0,0,0,1
P140Y,missense,0,0,1,1
P140X,nonsense,0,0,0,3
F141A,missense,0,0,1,3
F141C,missense,0,1,1,0
F141D,missense,0,0,1,1
F141E,missense,0,0,0,2
F141F,silent,1,1,0,0
F141G,missense,0,0,1,3
F141H,missense,0,0,1,1
F141I,missense,0,1,2,0
F141K,missense,0,0,0,2
F141L,missense,0,3,3,0
F141M,missense,0,0,1,0
F141N,missense,0,0,1,1
F141P,missense,0,0,1,3
F141Q,missense,0,0,0,2
F141R,missense,0,0,1,5
F141S,missense,0,1,4,1
F141T,missense,0,0,1,3
F141V,missense,0,1,3,0
F141W,missense,0,0,1,0
F141Y,missense,0,1,1,0
F141X,nonsense,0,0,3,0
I142A,missense,0,0,1,3
I142C,missense,0,0,1,1
I142D,missense,0,0,1,1
I142E,missense,0,0,0,2
I142F,missense,0,1,1,0
I142G,missense,0,0,1,3
I142H,missense,0,0,1,1
I142I,silent,1,2,0,0
I142K,missense,0,0,2,0
I142L,missense,0,1,5,0
I142M,missense,0,1,0,0
I142N,missense,0,1,1,0
I142P,missense,0,0,1,3
I142Q,missense,0,0,0,2
I142R,missense,0,0,3,3
I142S,missense,0,1,2,3
I142T,missense,0,1,3,0
I142V,missense,0,1,3,0
I142W,missense,0,0,0,1
I142Y,missense,0,0,1,1
I142X,nonsense,0,0,0,3
E143A,missense,0,1,3,0
E143C,missense,0,0,0,2
E143D,missense,0,2,0,0
E143E,silent,1,1,0,0
E143F,missense,0,0,0,2
E143G,missense,0,1,3,0
E143H,missense,0,0,2,0
E143I,missense,0,0,1,2
E143K,missense,0,1,1,0
E143L,missense,0,0,2,4
E143M,missense,0,0,0,1
E143N,missense,0,0,2,0
E143P,missense,0,0,1,3
E143Q,missense,0,1,1,0
E143R,missense,0,0,2,4
E143S,missense,0,0,1,5
E143T,missense,0,0,1,3
E143V,missense,0,1,3,0
E143W,missense,0,0,0,1
E143Y,missense,0,0,2,0
E143X,nonsense,0,1,2,0
T144A,missense,0,1,3,0
T144C,missense,0,0,0,2
T144D,missense,0,0,0,2
T144E,missense,0,0,1,1
T144F,missense,0,0,0,2
T144G,missense,0,0,1,3
T144H,missense,0,0,0,2
T144I,missense,0,1,2,0
T144K,missense,0,1,1,0
T144L,missense,0,0,2,4
T144M,missense,0,0,1,0
T144N,missense,0,0,2,0
T144P,missense,0,1,3,0
T144Q,missense,0,0,1,1
T144R,missense,0,1,2,3
T144S,missense,0,1,5,0
T144T,silent,1,3,0,0
T144V,missense,0,0,1,3
T144W,missense,0,0,0,1
T144Y,missense,0,0,0,2
T144X,nonsense,0,0,2,1
S145A,missense,0,1,3,0
S145C,missense,0,0,2,0
S145D,missense,0,0,0,2
S145E,missense,0,0,1,1
S145F,missense,0,0,2,0
S145G,missense,0,0,1,3
S145H,missense,0,0,0,2
S145I,missense,0,0,1,2
S145K,missense,0,0,1,1
S145L,missense,0,1,2,3
S145M,missense,0,0,0,1
S145N,missense,0,0,0,2
S145P,missense,0,1,3,0
S145Q,missense,0,0,1,1
S145R,missense,0,0,2,4
S145S,silent,1,3,0,2
S145T,missense,0,1,3,0
S145V,missense,0,0,1,3
S145W,missense,0,0,1,0
S145Y,missense,0,0,2,0
S145X,nonsense,0,2,1,0
A146A,silent,1,3,0,0
A146C,missense,0,0,0,2
A146D,missense,0,0,2,0
A146E,missense,0,1,1,0
A146F,missense,0,0,0,2
A146G,missense,0,1,3,0
A146H,missense,0,0,0,2
A146I,missense,0,0,1,2
A146K,missense,0,0,1,1
A146L,missense,0,0,2,4
A146M,missense,0,0,0,1
A146N,missense,0,0,0,2
A146P,missense,0,1,3,0
A146Q,missense,0,0,1,1
A146R,missense,0,0,2,4
A146S,missense,0,1,3,2
A146T,missense,0,1,3,0
A146V,missense,0,1,3,0
A146W,missense,0,0,0,1
A146Y,missense,0,0,0,2
A146X,nonsense,0,0,2,1
K147A,missense,0,0,1,3
K147C,missense,0,0,0,2
K147D,missense,0,0,2,0
K147E,missense,0,1,1,0
K147F,missense,0,0,0,2
K147G,missense,0,0,1,3
K147H,missense,0,0,2,0
K147I,missense,0,0,3,0
K147K,silent,1,1,0,0
K147L,missense,0,0,2,4
K147M,missense,0,1,0,0
K147N,missense,0,2,0,0
K147P,missense,0,0,1,3
K147Q,missense,0,1,1,0
K147R,missense,0,1,2,3
K147S,missense,0,0,3,3
K147T,missense,0,1,3,0
K147V,missense,0,0,1,3
K147W,missense,0,0,1,0
K147Y,missense,0,0,2,0
K147X,nonsense,0,1,1,1
T148A,missense,0,1,3,0
T148C,missense,0,0,0,2
T148D,missense,0,0,0,2
T148E,missense,0,0,1,1
T148F,missense,0,0,0,2
T148G,missense,0,0,1,3
T148H,missense,0,0,0,2
T148I,missense,0,1,2,0
T148K,missense,0,1,1,0
T148L,missense,0,0,2,4
T148M,missense,0,0,1,0
T148N,missense,0,0,2,0
T148P,missense,0,1,3,0
T148Q,missense,0,0,1,1
T148R,missense,0,1,2,3
T148S,missense,0,1,5,0
T148T,silent,1,3,0,0
T148V,missense,0,0,1,3
T148W,missense,0,0,0,1
T148Y,missense,0,0,0,2
T148X,nonsense,0,0,2,1
R149A,missense,0,0,1,3
R149C,missense,0,0,2,0
R149D,missense,0,0,0,2
R149E,missense,0,0,1,1
R149F,missense,0,0,0,2
R149G,missense,0,1,3,0
R149H,missense,0,0,0,2
R149I,missense,0,1,2,0
R149K,missense,0,1,1,0
R149L,missense,0,0,2,4
R149M,missense,0,0,1,0
R149N,missense,0,0,2,0
R149P,missense,0,0,1,3
R149Q,missense,0,0,1,1
R149R,silent,1,2,3,0
R149S,missense,0,2,1,3
R149T,missense,0,1,3,0
R149V,missense,0,0,1,3
R149W,missense,0,0,1,0
R149Y,missense,0,0,0,2
R149X,nonsense,0,1,1,1
Q150A,missense,0,0,1,3
Q150C,missense,0,0,0,2
Q150D,missense,0,0,2,0
Q150E,missense,0,1,1,0
Q150F,missense,0,0,0,2
Q150G,missense,0,0,1,3
Q150H,missense,0,2,0,0
Q150I,missense,0,0,0,3
Q150K,missense,0,1,1,0
Q150L,missense,0,1,4,1
Q150M,missense,0,0,1,0
Q150N,missense,0,0,2,0
Q150P,missense,0,1,3,0
Q150Q,silent,1,1,0,0
Q150R,missense,0,1,4,1
Q150S,missense,0,0,1,5
Q150T,missense,0,0,1,3
Q150V,missense,0,0,1,3
Q150W,missense,0,0,1,0
Q150Y,missense,0,0,2,0
Q150X,nonsense,0,1,1,1
G151A,missense,0,1,3,0
G151C,missense,0,1,1,0
G151D,missense,0,1,1,0
G151E,missense,0,0,2,0
G151F,missense,0,0,1,1
G151G,silent,1,3,0,0
G151H,missense,0,0,1,1
G151I,missense,0,0,1,2
G151K,missense,0,0,0,2
G151L,missense,0,0,1,5
G151M,missense,0,0,0,1
G151N,missense,0,0,1,1
G151P,missense,0,0,1,3
G151Q,missense,0,0,0,2
G151R,missense,0,1,5,0
G151S,missense,0,1,2,3
G151T,missense,0,0,1,3
G151V,missense,0,1,3,0
G151W,missense,0,0,1,0
G151Y,missense,0,0,1,1
G151X,nonsense,0,0,1,2
V152A,missense,0,1,3,0
V152C,missense,0,0,1,1
V152D,missense,0,1,1,0
V152E,missense,0,0,2,0
V152F,missense,0,1,1,0
V152G,missense,0,1,3,0
V152H,missense,0,0,1,1
V152I,missense,0,1,2,0
V152K,missense,0,0,0,2
V152L,missense,0,1,5,0
V152M,missense,0,0,1,0
V152N,missense,0,0,1,1
V152P,missense,0,0,1,3
V152Q,missense,0,0,0,2
V152R,missense,0,0,1,5
V152S,missense,0,0,2,4
V152T,missense,0,0,1,3
V152V,silent,1,3,0,0
V152W,missense,0,0,0,1
V152Y,missense,0,0,1,1
V152X,nonsense,0,0,0,3
D153A,missense,0,1,3,0
D153C,missense,0,0,1,1
D153D,silent,1,1,0,0
D153E,missense,0,2,0,0
D153F,missense,0,0,1,1
D153G,missense,0,1,3,0
D153H,missense,0,1,1,0
D153I,missense,0,0,1,2
D153K,missense,0,0,2,0
D153L,missense,0,0,1,5
D153M,missense,0,0,0,1
D153N,missense,0,1,1,0
D153P,missense,0,0,1,3
D153Q,missense,0,0,2,0
D153R,missense,0,0,1,5
D153S,missense,0,0,2,4
D153T,missense,0,0,1,3
D153V,missense,0,1,3,0
D153W,missense,0,0,0,1
D153Y,missense,0,1,1,0
D153X,nonsense,0,0,2,1
D154A,missense,0,1,3,0
D154C,missense,0,0,1,1
D154D,silent,1,1,0,0
D154E,missense,0,2,0,0
D154F,missense,0,0,1,1
D154G,missense,0,1,3,0
D154H,missense,0,1,1,0
D154I,missense,0,0,1,2
D154K,missense,0,0,2,0
D154L,missense,0,0,1,5
D154M,missense,0,0,0,1
D154N,missense,0,1,1,0
D154P,missense,0,0,1,3
D154Q,missense,0,0,2,0
D154R,missense,0,0,1,5
D154S,missense,0,0,2,4
D154T,missense,0,0,1,3
D154V,missense,0,1,3,0
D154W,missense,0,0,0,1
D154Y,missense,0,1,1,0
D154X,nonsense,0,0,2,1
A155A,silent,1,3,0,0
A155C,missense,0,0,1,1
A155D,missense,0,1,1,0
A155E,missense,0,0,2,0
A155F,missense,0,0,1,1
A155G,missense,0,1,3,0
A155H,missense,0,0,1,1
A155I,missense,0,0,1,2
A155K,missense,0,0,0,2
A155L,missense,0,0,1,5
A155M,missense,0,0,0,1
A155N,missense,0,0,1,1
A155P,missense,0,1,3,0
A155Q,missense,0,0,0,2
A155R,missense,0,0,1,5
A155S,missense,0,1,4,1
A155T,missense,0,1,3,0
A155V,missense,0,1,3,0
A155W,missense,0,0,0,1
A155Y,missense,0,0,1,1
A155X,nonsense,0,0,0,3
F156A,missense,0,0,1,3
F156C,missense,0,1,1,0
F156D,missense,0,0,1,1
F156E,missense,0,0,0,2
F156F,silent,1,1,0,0
F156G,missense,0,0,1,3
F156H,missense,0,0,1,1
F156I,missense,0,1,2,0
F156K,missense,0,0,0,2
F156L,missense,0,3,3,0
F156M,missense,0,0,1,0
F156N,missense,0,0,1,1
F156P,missense,0,0,1,3
F156Q,missense,0,0,0,2
F156R,missense,0,0,1,5
F156S,missense,0,1,4,1
F156T,missense,0,0,1,3
F156V,missense,0,1,3,0
F156W,missense,0,0,1,0
F156Y,missense,0,1,1,0
F156X,nonsense,0,0,3,0
Y157A,missense,0,0,1,3
Y157C,missense,0,1,1,0
Y157D,missense,0,1,1,0
Y157E,missense,0,0,2,0
Y157F,missense,0,1,1,0
Y157G,missense,0,0,1,3
Y157H,missense,0,1,1,0
Y157I,missense,0,0,1,2
Y157K,missense,0,0,2,0
Y157L,missense,0,0,3,3
Y157M,missense,0,0,0,1
Y157N,missense,0,1,1,0
Y157P,missense,0,0,1,3
Y157Q,missense,0,0,2,0
Y157R,missense,0,0,1,5
Y157S,missense,0,1,4,1
Y157T,missense,0,0,1,3
Y157V,missense,0,0,1,3
Y157W,missense,0,0,1,0
Y157Y,silent,1,1,0,0
Y157X,nonsense,0,2,1,0
T158A,missense,0,1,3,0
T158C,missense,0,0,0,2
T158D,missense,0,0,0,2
T158E,missense,0,0,1,1
T158F,missense,0,0,0,2
T158G,missense,0,0,1,3
T158H,missense,0,0,0,2
T158I,missense,0,1,2,0
T158K,missense,0,1,1,0
T158L,missense,0,0,2,4
T158M,missense,0,0,1,0
T158N,missense,0,0,2,0
T158P,missense,0,1,3,0
T158Q,missense,0,0,1,1
T158R,missense,0,1,2,3
T158S,missense,0,1,5,0
T158T,silent,1,3,0,0
T158V,missense,0,0,1,3
T158W,missense,0,0,0,1
T158Y,missense,0,0,0,2
T158X,nonsense,0,0,2,1
L159A,missense,0,0,1,3
L159C,missense,0,0,2,0
L159D,missense,0,0,0,2
L159E,missense,0,0,1,1
L159F,missense,0,2,0,0
L159G,missense,0,0,1,3
L159H,missense,0,0,0,2
L159I,missense,0,1,2,0
L159K,missense,0,0,1,1
L159L,silent,1,2,3,0
L159M,missense,0,0,1,0
L159N,missense,0,0,0,2
L159P,missense,0,0,1,3
L159Q,missense,0,0,1,1
L159R,missense,0,0,2,4
L159S,missense,0,1,3,2
L159T,missense,0,0,1,3
L159V,missense,0,1,3,0
L159W,missense,0,0,1,0
L159Y,missense,0,0,2,0
L159X,nonsense,0,2,1,0
V160A,missense,0,1,3,0
V160C,missense,0,0,1,1
V160D,missense,0,1,1,0
V160E,missense,0,0,2,0
V160F,missense,0,1,1,0
V160G,missense,0,1,3,0
V160H,missense,0,0,1,1
V160I,missense,0,1,2,0
V160K,missense,0,0,0,2
V160L,missense,0,1,5,0
V160M,missense,0,0,1,0
V160N,missense,0,0,1,1
V160P,missense,0,0,1,3
V160Q,missense,0,0,0,2
V160R,missense,0,0,1,5
V160S,missense,0,0,2,4
V160T,missense,0,0,1,3
V160V,silent,1,3,0,0
V160W,missense,0,0,0,1
V160Y,missense,0,0,1,1
V160X,nonsense,0,0,0,3
R161A,missense,0,0,1,3
R161C,missense,0,0,2,0
R161D,missense,0,0,0,2
R161E,missense,0,0,1,1
R161F,missense,0,0,0,2
R161G,missense,0,1,3,0
R161H,missense,0,0,2,0
R161I,missense,0,0,1,2
R161K,missense,0,0,1,1
R161L,missense,0,1,4,1
R161M,missense,0,0,0,1
R161N,missense,0,0,0,2
R161P,missense,0,1,3,0
R161Q,missense,0,1,1,0
R161R,silent,1,4,1,0
R161S,missense,0,0,3,3
R161T,missense,0,0,1,3
R161V,missense,0,0,1,3
R161W,missense,0,0,1,0
R161Y,missense,0,0,0,2
R161X,nonsense,0,1,1,1
E162A,missense,0,1,3,0
E162C,missense,0,0,0,2
E162D,missense,0,2,0,0
E162E,silent,1,1,0,0
E162F,missense,0,0,0,2
E162G,missense,0,1,3,0
E162H,missense,0,0,2,0
E162I,missense,0,0,1,2
E162K,missense,0,1,1,0
E162L,missense,0,0,2,4
E162M,missense,0,0,0,1
E162N,missense,0,0,2,0
E162P,missense,0,0,1,3
E162Q,missense,0,1,1,0
E162R,missense,0,0,2,4
E162S,missense,0,0,1,5
E162T,missense,0,0,1,3
E162V,missense,0,1,3,0
E162W,missense,0,0,0,1
E162Y,missense,0,0,2,0
E162X,nonsense,0,1,2,0
I163A,missense,0,0,1,3
I163C,missense,0,0,1,1
I163D,missense,0,0,1,1
I163E,missense,0,0,0,2
I163F,missense,0,1,1,0
I163G,missense,0,0,1,3
I163H,missense,0,0,1,1
I163I,silent,1,2,0,0
I163K,missense,0,0,2,0
I163L,missense,0,1,5,0
I163M,missense,0,1,0,0
I163N,missense,0,1,1,0
I163P,missense,0,0,1,3
I163Q,missense,0,0,0,2
I163R,missense,0,0,3,3
I163S,missense,0,1,2,3
I163T,missense,0,1,3,0
I163V,missense,0,1,3,0
I163W,missense,0,0,0,1
I163Y,missense,0,0,1,1
I163X,nonsense,0,0,0,3
R164A,missense,0,0,1,3
R164C,missense,0,0,2,0
R164D,missense,0,0,0,2
R164E,missense,0,0,1,1
R164F,missense,0,0,0,2
R164G,missense,0,1,3,0
R164H,missense,0,0,2,0
R164I,missense,0,0,1,2
R164K,missense,0,0,1,1
R164L,missense,0,1,4,1
R164M,missense,0,0,0,1
R164N,missense,0,0,0,2
R164P,missense,0,1,3,0
R164Q,missense,0,1,1,0
R164R,silent,1,4,1,0
R164S,missense,0,0,3,3
R164T,missense,0,0,1,3
R164V,missense,0,0,1,3
R164W,missense,0,0,1,0
R164Y,missense,0,0,0,2
R164X,nonsense,0,1,1,1
K165A,missense,0,0,1,3
K165C,missense,0,0,0,2
K165D,missense,0,0,2,0
K165E,missense,0,1,1,0
K165F,missense,0,0,0,2
K165G,missense,0,0,1,3
K165H,missense,0,0,2,0
K165I,missense,0,1,2,0
K165K,silent,1,1,0,0
K165L,missense,0,0,2,4
K165M,missense,0,0,1,0
K165N,missense,0,2,0,0
K165P,missense,0,0,1,3
K165Q,missense,0,1,1,0
K165R,missense,0,1,2,3
K165S,missense,0,0,3,3
K165T,missense,0,1,3,0
K165V,missense,0,0,1,3
K165W,missense,0,0,0,1
K165Y,missense,0,0,2,0
K165X,nonsense,0,1,2,0
H166A,missense,0,0,1,3
H166C,missense,0,0,1,1
H166D,missense,0,1,1,0
H166E,missense,0,0,2,0
H166F,missense,0,0,1,1
H166G,missense,0,0,1,3
H166H,silent,1,1,0,0
H166I,missense,0,0,1,2
H166K,missense,0,0,2,0
H166L,missense,0,1,3,2
H166M,missense,0,0,0,1
H166N,missense,0,1,1,0
H166P,missense,0,1,3,0
H166Q,missense,0,2,0,0
H166R,missense,0,1,3,2
H166S,missense,0,0,2,4
H166T,missense,0,0,1,3
H166V,missense,0,0,1,3
H166W,missense,0,0,0,1
H166Y,missense,0,1,1,0
H166X,nonsense,0,0,2,1
K167A,missense,0,0,1,3
K167C,missense,0,0,0,2
K167D,missense,0,0,2,0
K167E,missense,0,1,1,0
K167F,missense,0,0,0,2
K167G,missense,0,0,1,3
K167H,missense,0,0,2,0
K167I,missense,0,1,2,0
K167K,silent,1,1,0,0
K167L,missense,0,0,2,4
K167M,missense,0,0,1,0
K167N,missense,0,2,0,0
K167P,missense,0,0,1,3
K167Q,missense,0,1,1,0
K167R,missense,0,1,2,3
K167S,missense,0,0,3,3
K167T,missense,0,1,3,0
K167V,missense,0,0,1,3
K167W,missense,0,0,0,1
K167Y,missense,0,0,2,0
K167X,nonsense,0,1,2,0
E168A,missense,0,1,3,0
E168C,missense,0,0,0,2
E168D,missense,0,2,0,0
E168E,silent,1,1,0,0
E168F,missense,0,0,0,2
E168G,missense,0,1,3,0
E168H,missense,0,0,2,0
E168I,missense,0,0,1,2
E168K,missense,0,1,1,0
E168L,missense,0,0,2,4
E168M,missense,0,0,0,1
E168N,missense,0,0,2,0
E168P,missense,0,0,1,3
E168Q,missense,0,1,1,0
E168R,missense,0,0,2,4
E168S,missense,0,0,1,5
E168T,missense,0,0,1,3
E168V,missense,0,1,3,0
E168W,missense,0,0,0,1
E168Y,missense,0,0,2,0
E168X,nonsense,0,1,2,0
K169A,missense,0,0,1,3
K169C,missense,0,0,0,2
K169D,missense,0,0,2,0
K169E,missense,0,1,1,0
K169F,missense,0,0,0,2
K169G,missense,0,0,1,3
K169H,missense,0,0,2,0
K169I,missense,0,0,3,0
K169K,silent,1,1,0,0
K169L,missense,0,0,2,4
K169M,missense,0,1,0,0
K169N,missense,0,2,0,0
K169P,missense,0,0,1,3
K169Q,missense,0,1,1,0
K169R,missense,0,1,2,3
K169S,missense,0,0,3,3
K169T,missense,0,1,3,0
K169V,missense,0,0,1,3
K169W,missense,0,0,1,0
K169Y,missense,0,0,2,0
K169X,nonsense,0,1,1,1
M170A,missense,0,0,1,3
M170C,missense,0,0,0,2
M170D,missense,0,0,0,2
M170E,missense,0,0,1,1
M170F,missense,0,0,2,0
M170G,missense,0,0,1,3
M170H,missense,0,0,0,2
M170I,missense,0,3,0,0
M170K,missense,0,1,1,0
M170L,missense,0,2,4,0
M170M,silent,1,0,0,0
M170N,missense,0,0,2,0
M170P,missense,0,0,1,3
M170Q,missense,0,0,1,1
M170R,missense,0,1,2,3
M170S,missense,0,0,3,3
M170T,missense,0,1,3,0
M170V,missense,0,1,3,0
M170W,missense,0,0,1,0
M170Y,missense,0,0,0,2
M170X,nonsense,0,0,1,2
S171A,missense,0,0,1,3
S171C,missense,0,1,1,0
S171D,missense,0,0,1,1
S171E,missense,0,0,0,2
S171F,missense,0,0,1,1
S171G,missense,0,1,3,0
S171H,missense,0,0,1,1
S171I,missense,0,1,2,0
S171K,missense,0,0,2,0
S171L,missense,0,0,1,5
S171M,missense,0,0,1,0
S171N,missense,0,1,1,0
S171P,missense,0,0,1,3
S171Q,missense,0,0,0,2
S171R,missense,0,3,3,0
S171S,silent,1,1,1,3
S171T,missense,0,1,3,0
S171V,missense,0,0,1,3
S171W,missense,0,0,1,0
S171Y,missense,0,0,1,1
S171X,nonsense,0,0,1,2
K172A,missense,0,0,1,3
K172C,missense,0,0,0,2
K172D,missense,0,0,2,0
K172E,missense,0,1,1,0
K172F,missense,0,0,0,2
K172G,missense,0,0,1,3
K172H,missense,0,0,2,0
K172I,missense,0,1,2,0
K172K,silent,1,1,0,0
K172L,missense,0,0,2,4
K172M,missense,0,0,1,0
K172N,missense,0,2,0,0
K172P,missense,0,0,1,3
K172Q,missense,0,1,1,0
K172R,missense,0,1,2,3
K172S,missense,0,0,3,3
K172T,missense,0,1,3,0
K172V,missense,0,0,1,3
K172W,missense,0,0,0,1
K172Y,missense,0,0,2,0
K172X,nonsense,0,1,2,0
D173A,missense,0,1,3,0
D173C,missense,0,0,1,1
D173D,silent,1,1,0,0
D173E,missense,0,2,0,0
D173F,missense,0,0,1,1
D173G,missense,0,1,3,0
D173H,missense,0,1,1,0
D173I,missense,0,0,1,2
D173K,missense,0,0,2,0
D173L,missense,0,0,1,5
D173M,missense,0,0,0,1
D173N,missense,0,1,1,0
D173P,missense,0,0,1,3
D173Q,missense,0,0,2,0
D173R,missense,0,0,1,5
D173S,missense,0,0,2,4
D173T,missense,0,0,1,3
D173V,missense,0,1,3,0
D173W,missense,0,0,0,1
D173Y,missense,0,1,1,0
D173X,nonsense,0,0,2,1
G174A,missense,0,1,3,0
G174C,missense,0,1,1,0
G174D,missense,0,1,1,0
G174E,missense,0,0,2,0
G174F,missense,0,0,1,1
G174G,silent,1,3,0,0
G174H,missense,0,0,1,1
G174I,missense,0,0,1,2
G174K,missense,0,0,0,2
G174L,missense,0,0,1,5
G174M,missense,0,0,0,1
G174N,missense,0,0,1,1
G174P,missense,0,0,1,3
G174Q,missense,0,0,0,2
G174R,missense,0,1,5,0
G174S,missense,0,1,2,3
G174T,missense,0,0,1,3
G174V,missense,0,1,3,0
G174W,missense,0,0,1,0
G174Y,missense,0,0,1,1
G174X,nonsense,0,0,1,2
K175A,missense,0,0,1,3
K175C,missense,0,0,0,2
K175D,missense,0,0,2,0
K175E,missense,0,1,1,0
K175F,missense,0,0,0,2
K175G,missense,0,0,1,3
K175H,missense,0,0,2,0
K175I,missense,0,1,2,0
K175K,silent,1,1,0,0
K175L,missense,0,0,2,4
K175M,missense,0,0,1,0
K175N,missense,0,2,0,0
K175P,missense,0,0,1,3
K175Q,missense,0,1,1,0
K175R,missense,0,1,2,3
K175S,missense,0,0,3,3
K175T,missense,0,1,3,0
K175V,missense,0,0,1,3
K175W,missense,0,0,0,1
K175Y,missense,0,0,2,0
K175X,nonsense,0,1,2,0
K176A,missense,0,0,1,3
K176C,missense,0,0,0,2
K176D,missense,0,0,2,0
K176E,missense,0,1,1,0
K176F,missense,0,0,0,2
K176G,missense,0,0,1,3
K176H,missense,0,0,2,0
K176I,missense,0,0,3,0
K176K,silent,1,1,0,0
K176L,missense,0,0,2,4
K176M,missense,0,1,0,0
K176N,missense,0,2,0,0
K176P,missense,0,0,1,3
K176Q,missense,0,1,1,0
K176R,missense,0,1,2,3
K176S,missense,0,0,3,3
K176T,missense,0,1,3,0
K176V,missense,0,0,1,3
K176W,missense,0,0,1,0
K176Y,missense,0,0,2,0
K176X,nonsense,0,1,1,1
K177A,missense,0,0,1,3
K177C,missense,0,0,0,2
K177D,missense,0,0,2,0
K177E,missense,0,1,1,0
K177F,missense,0,0,0,2
K177G,missense,0,0,1,3
K177H,missense,0,0,2,0
K177I,missense,0,0,3,0
K177K,silent,1,1,0,0
K177L,missense,0,0,2,4
K177M,missense,0,1,0,0
K177N,missense,0,2,0,0
K177P,missense,0,0,1,3
K177Q,missense,0,1,1,0
K177R,missense,0,1,2,3
K177S,missense,0,0,3,3
K177T,missense,0,1,3,0
K177V,missense,0,0,1,3
K177W,missense,0,0,1,0
K177Y,missense,0,0,2,0
K177X,nonsense,0,1,1,1
K178A,missense,0,0,1,3
K178C,missense,0,0,0,2
K178D,missense,0,0,2,0
K178E,missense,0,1,1,0
K178F,missense,0,0,0,2
K178G,missense,0,0,1,3
K178H,missense,0,0,2,0
K178I,missense,0,1,2,0
K178K,silent,1,1,0,0
K178L,missense,0,0,2,4
K178M,missense,0,0,1,0
K178N,missense,0,2,0,0
K178P,missense,0,0,1,3
K178Q,missense,0,1,1,0
K178R,missense,0,1,2,3
K178S,missense,0,0,3,3
K178T,missense,0,1,3,0
K178V,missense,0,0,1,3
K178W,missense,0,0,0,1
K178Y,missense,0,0,2,0
K178X,nonsense,0,1,2,0
K179A,missense,0,0,1,3
K179C,missense,0,0,0,2
K179D,missense,0,0,2,0
K179E,missense,0,1,1,0
K179F,missense,0,0,0,2
K179G,missense,0,0,1,3
K179H,missense,0,0,2,0
K179I,missense,0,0,3,0
K179K,silent,1,1,0,0
K179L,missense,0,0,2,4
K179M,missense,0,1,0,0
K179N,missense,0,2,0,0
K179P,missense,0,0,1,3
K179Q,missense,0,1,1,0
K179R,missense,0,1,2,3
K179S,missense,0,0,3,3
K179T,missense,0,1,3,0
K179V,missense,0,0,1,3
K179W,missense,0,0,1,0
K179Y,missense,0,0,2,0
K179X,nonsense,0,1,1,1
K180A,missense,0,0,1,3
K180C,missense,0,0,0,2
K180D,missense,0,0,2,0
K180E,missense,0,1,1,0
K180F,missense,0,0,0,2
K180G,missense,0,0,1,3
K180H,missense,0,0,2,0
K180I,missense,0,0,3,0
K180K,silent,1,1,0,0
K180L,missense,0,0,2,4
K180M,missense,0,1,0,0
K180N,missense,0,2,0,0
K180P,missense,0,0,1,3
K180Q,missense,0,1,1,0
K180R,missense,0,1,2,3
K180S,missense,0,0,3,3
K180T,missense,0,1,3,0
K180V,missense,0,0,1,3
K180W,missense,0,0,1,0
K180Y,missense,0,0,2,0
K180X,nonsense,0,1,1,1
S181A,missense,0,1,3,0
S181C,missense,0,0,2,0
S181D,missense,0,0,0,2
S181E,missense,0,0,1,1
S181F,missense,0,0,2,0
S181G,missense,0,0,1,3
S181H,missense,0,0,0,2
S181I,missense,0,0,1,2
S181K,missense,0,0,1,1
S181L,missense,0,1,2,3
S181M,missense,0,0,0,1
S181N,missense,0,0,0,2
S181P,missense,0,1,3,0
S181Q,missense,0,0,1,1
S181R,missense,0,0,2,4
S181S,silent,1,3,0,2
S181T,missense,0,1,3,0
S181V,missense,0,0,1,3
S181W,missense,0,0,1,0
S181Y,missense,0,0,2,0
S181X,nonsense,0,2,1,0
K182A,missense,0,0,1,3
K182C,missense,0,0,0,2
K182D,missense,0,0,2,0
K182E,missense,0,1,1,0
K182F,missense,0,0,0,2
K182G,missense,0,0,1,3
K182H,missense,0,0,2,0
K182I,missense,0,0,3,0
K182K,silent,1,1,0,0
K182L,missense,0,0,2,4
K182M,missense,0,1,0,0
K182N,missense,0,2,0,0
K182P,missense,0,0,1,3
K182Q,missense,0,1,1,0
K182R,missense,0,1,2,3
K182S,missense,0,0,3,3
K182T,missense,0,1,3,0
K182V,missense,0,0,1,3
K182W,missense,0,0,1,0
K182Y,missense,0,0,2,0
K182X,nonsense,0,1,1,1
T183A,missense,0,1,3,0
T183C,missense,0,0,0,2
T183D,missense,0,0,0,2
T183E,missense,0,0,1,1
T183F,missense,0,0,0,2
T183G,missense,0,0,1,3
T183H,missense,0,0,0,2
T183I,missense,0,1,2,0
T183K,missense,0,1,1,0
T183L,missense,0,0,2,4
T183M,missense,0,0,1,0
T183N,missense,0,0,2,0
T183P,missense,0,1,3,0
T183Q,missense,0,0,1,1
T183R,missense,0,1,2,3
T183S,missense,0,1,5,0
T183T,silent,1,3,0,0
T183V,missense,0,0,1,3
T183W,missense,0,0,0,1
T183Y,missense,0,0,0,2
T183X,nonsense,0,0,2,1
K184A,missense,0,0,1,3
K184C,missense,0,0,0,2
K184D,missense,0,0,2,0
K184E,missense,0,1,1,0
K184F,missense,0,0,0,2
K184G,missense,0,0,1,3
K184H,missense,0,0,2,0
K184I,missense,0,0,3,0
K184K,silent,1,1,0,0
K184L,missense,0,0,2,4
K184M,missense,0,1,0,0
K184N,missense,0,2,0,0
K184P,missense,0,0,1,3
K184Q,missense,0,1,1,0
K184R,missense,0,1,2,3
K184S,missense,0,0,3,3
K184T,missense,0,1,3,0
K184V,missense,0,0,1,3
K184W,missense,0,0,1,0
K184Y,missense,0,0,2,0
K184X,nonsense,0,1,1,1
C185A,missense,0,0,1,3
C185C,silent,1,1,0,0
C185D,missense,0,0,1,1
C185E,missense,0,0,0,2
C185F,missense,0,1,1,0
C185G,missense,0,1,3,0
C185H,missense,0,0,1,1
C185I,missense,0,0,1,2
C185K,missense,0,0,0,2
C185L,missense,0,0,3,3
C185M,missense,0,0,0,1
C185N,missense,0,0,1,1
C185P,missense,0,0,1,3
C185Q,missense,0,0,0,2
C185R,missense,0,1,5,0
C185S,missense,0,2,4,0
C185T,missense,0,0,1,3
C185V,missense,0,0,1,3
C185W,missense,0,1,0,0
C185Y,missense,0,1,1,0
C185X,nonsense,0,1,2,0
V186A,missense,0,1,3,0
V186C,missense,0,0,0,2
V186D,missense,0,0,2,0
V186E,missense,0,1,1,0
V186F,missense,0,0,2,0
V186G,missense,0,1,3,0
V186H,missense,0,0,0,2
V186I,missense,0,1,2,0
V186K,missense,0,0,1,1
V186L,missense,0,2,4,0
V186M,missense,0,0,1,0
V186N,missense,0,0,0,2
V186P,missense,0,0,1,3
V186Q,missense,0,0,1,1
V186R,missense,0,0,2,4
V186S,missense,0,0,1,5
V186T,missense,0,0,1,3
V186V,silent,1,3,0,0
V186W,missense,0,0,0,1
V186Y,missense,0,0,0,2
V186X,nonsense,0,0,2,1
I187A,missense,0,0,1,3
I187C,missense,0,0,1,1
I187D,missense,0,0,1,1
I187E,missense,0,0,0,2
I187F,missense,0,1,1,0
I187G,missense,0,0,1,3
I187H,missense,0,0,1,1
I187I,silent,1,2,0,0
I187K,missense,0,0,2,0
I187L,missense,0,1,5,0
I187M,missense,0,1,0,0
I187N,missense,0,1,1,0
I187P,missense,0,0,1,3
I187Q,missense,0,0,0,2
I187R,missense,0,0,3,3
I187S,missense,0,1,2,3
I187T,missense,0,1,3,0
I187V,missense,0,1,3,0
I187W,missense,0,0,0,1
I187Y,missense,0,0,1,1
I187X,nonsense,0,0,0,3
M188A,missense,0,0,1,3
M188C,missense,0,0,0,2
M188D,missense,0,0,0,2
M188E,missense,0,0,1,1
M188F,missense,0,0,2,0
M188G,missense,0,0,1,3
M188H,missense,0,0,0,2
M188I,missense,0,3,0,0
M188K,missense,0,1,1,0
M188L,missense,0,2,4,0
M188M,silent,1,0,0,0
M188N,missense,0,0,2,0
M188P,missense,0,0,1,3
M188Q,missense,0,0,1,1
M188R,missense,0,1,2,3
M188S,missense,0,0,3,3
M188T,missense,0,1,3,0
M188V,missense,0,1,3,0
M188W,missense,0,0,1,0
M188Y,missense,0,0,0,2
M188X,nonsense,0,0,1,2