Mutation,Oncogenic,Effect
K5N,Likely Oncogenic,Likely Gain-of-function
G12A,Oncogenic,Gain-of-function
G12C,Oncogenic,Gain-of-function
G12D,Oncogenic,Gain-of-function
G12F,Likely Oncogenic,Likely Gain-of-function
G12R,Oncogenic,Gain-of-function
G12S,Oncogenic,Gain-of-function
G12V,Oncogenic,Gain-of-function
G12W,Likely Oncogenic,Likely Gain-of-function
G13C,Oncogenic,Gain-of-function
G13D,Oncogenic,Gain-of-function
G13E,Likely Oncogenic,Likely Gain-of-function
G13R,Likely Oncogenic,Likely Gain-of-function
G13V,Oncogenic,Gain-of-function
V14I,Likely Oncogenic,Likely Gain-of-function
A18D,Likely Oncogenic,Likely Gain-of-function
L19F,Oncogenic,Gain-of-function
Q22E,Oncogenic,Gain-of-function
Q22K,Oncogenic,Gain-of-function
Q22R,Likely Oncogenic,Likely Gain-of-function
Q25H,Inconclusive,Inconclusive
F28L,Likely Oncogenic,Likely Gain-of-function
E31D,Likely Oncogenic,Likely Gain-of-function
E31K,Likely Neutral,Likely Neutral
Y32S,Likely Oncogenic,Likely Gain-of-function
D33E,Oncogenic,Gain-of-function
P34L,Oncogenic,Gain-of-function
P34R,Oncogenic,Gain-of-function
Y40A,Likely Oncogenic,Likely Gain-of-function
T58I,Likely Oncogenic,Likely Gain-of-function
A59G,Oncogenic,Gain-of-function
A59T,Oncogenic,Gain-of-function
G60D,Inconclusive,Inconclusive
G60R,Likely Oncogenic,Likely Gain-of-function
Q61E,Likely Oncogenic,Likely Gain-of-function
Q61H,Oncogenic,Gain-of-function
Q61K,Likely Oncogenic,Likely Gain-of-function
Q61L,Oncogenic,Gain-of-function
Q61P,Likely Oncogenic,Likely Gain-of-function
Q61R,Oncogenic,Gain-of-function
E62K,Oncogenic,Gain-of-function
E63K,Likely Oncogenic,Likely Gain-of-function
Y64A,Likely Oncogenic,Likely Gain-of-function
Y64D,Likely Oncogenic,Likely Gain-of-function
S65N,Oncogenic,Gain-of-function
Y71H,Likely Oncogenic,Likely Gain-of-function
T74P,Likely Oncogenic,Gain-of-function
Y96D,Resistance,Inconclusive
N116H,Inconclusive,Inconclusive
K117D,Likely Oncogenic,Likely Gain-of-function
K117N,Oncogenic,Gain-of-function
C118S,Likely Neutral,Likely Loss-of-function
D119N,Likely Oncogenic,Likely Gain-of-function
A146P,Likely Oncogenic,Likely Gain-of-function
A146T,Oncogenic,Gain-of-function
A146V,Likely Oncogenic,Gain-of-function
K147E,Likely Oncogenic,Likely Gain-of-function
R149G,Likely Oncogenic,Likely Gain-of-function
D153V,Oncogenic,Gain-of-function
F156L,Oncogenic,Gain-of-function
R164Q,Inconclusive,Inconclusive