Type,DBS1,DBS2,DBS3,DBS4,DBS5,DBS6,DBS7,DBS8,DBS9,DBS10,DBS11
AC>CA,5.02E-05,0.000377632,0.006337519,0.004146665,0.002141988,0.002665185,0.045932011,0.215131968,0.024655689,0.009589644,0.001377212
AC>CG,2.66E-05,3.20E-05,4.64E-05,4.97E-05,0.000462429,0.000146285,0.006254359,0.000973597,0.002074686,1.76E-05,0.000195021
AC>CT,0.004330586,0.000127224,0.003014064,8.33E-18,0.002021876,0.000240468,0.013609485,0.31819519,0.028564518,0.013443426,0.00075998
AC>GA,0.000128202,0.000239302,0.005838502,0.004407083,0.000558518,0.008596725,0.009736786,0.001160712,0.025357273,0.00532758,0.000444327
AC>GG,5.76E-05,4.21E-18,0.000449116,7.02E-18,1.11E-17,0.000104203,0.002541771,0.000810497,0.007146141,0.000587527,0.002261844
AC>GT,0.002988003,0.000282719,0.010080149,1.12E-08,0.000822764,0.000132257,0.004503138,0.000151093,0.012127392,0.028579727,0.005740058
AC>TA,0.001211353,0.001494372,0.001008015,0.001272044,0.001481375,0.010119688,0.00542378,0.012407611,0.041293268,0.00010456,0.00026539
AC>TG,0.000173627,6.42E-06,1.11E-17,5.32E-05,0.00112104,0.000449875,0.000998696,0.002571577,0.017940522,7.63E-06,0.000240258
AC>TT,0.026750707,0.002948356,1.78E-06,0.000161259,0.007476939,0.003186199,0.001180823,0.000268164,0.044500512,0.000707025,0.002834845
AT>CA,0.000484053,3.80E-05,0.006989959,0.000912747,0.000107543,0.000113634,0.011050506,2.77E-05,0.012663162,0.003497094,0.009480799
AT>CC,0.000298265,4.19E-18,0.009015459,6.98E-18,2.12E-05,6.37E-05,0.006232087,0.00014235,0.001774837,0.001149187,0.00190016
AT>CG,4.00E-06,4.19E-18,0.014496222,9.43E-18,1.05E-17,1.81E-06,0.001105051,0.000264792,9.19E-18,0.002565857,1.74E-05
AT>GA,0.002129029,0.000168757,0.001797134,0.000322849,0.001105306,0.001614794,0.014335792,0.000161264,0.006351523,7.98E-05,0.011200944
AT>GC,0.000174741,5.88E-06,0.005212683,1.75E-05,1.05E-17,1.71E-05,0.009248577,0.000224973,0.00180475,0.004041967,0.004180352
AT>TA,0.002349966,0.000460065,0.002333296,0.004513913,0.000789647,0.002192931,0.033848398,0.000313569,0.009173314,0.002902687,0.003840324
CC>AA,1.06E-05,0.723624795,0.008980225,6.94E-18,1.04E-17,8.23E-18,8.95E-18,0.037737162,8.95E-18,0.013504376,7.31E-18
CC>AG,1.23E-05,0.072562376,1.10E-17,0.005383642,0.024076164,0.061094801,8.22E-05,0.015352389,0.026191703,7.03E-05,0.000967218
CC>AT,0.018685674,0.099948176,0.00581887,0.015565963,0.002407616,0.000434408,0.000843957,0.028525729,0.019346144,0.010350069,0.034330257
CC>GA,0.000133897,0.017690827,0.000627331,0.003519692,6.70E-05,0.035208854,0.000299149,0.000801296,0.01091321,0.003341594,0.000948311
CC>GG,9.81E-05,0.000449767,7.16E-05,7.24E-05,1.18E-05,0.017951557,0.002030647,5.55E-05,0.003035856,7.30E-18,0.003433026
CC>GT,0.006914699,0.00109943,1.13E-17,7.92E-05,2.46E-05,0.003411788,0.000161461,0.000226819,0.017758768,0.001064579,0.069158053
CC>TA,0.010392033,0.015991708,0.02054881,0.000168549,0.001258302,0.002201793,8.95E-18,0.000709181,0.00068158,0.023558729,0.058510698
CC>TG,0.002548046,0.000236877,2.86E-05,8.23E-06,0.004765693,0.006813657,0.000233772,0.004169907,0.015377704,7.30E-18,0.032141081
CC>TT,0.857342694,4.17E-18,1.10E-17,6.94E-18,1.04E-17,8.23E-18,8.95E-18,0.004338288,8.95E-18,0.02030585,0.330366527
CG>AT,6.17E-07,0.001176331,0.000287143,0.00029426,0.00166296,0.007653355,6.30E-05,0.000326405,0.000222362,7.48E-18,0.001853473
CG>GC,5.54E-06,0.000377449,1.12E-17,5.17E-06,0.000100589,0.00059887,0.000189574,1.15E-17,1.22E-05,1.92E-05,0.000169053
CG>GT,1.74E-06,0.001309308,1.12E-17,7.10E-18,0.00657072,0.003268409,2.10E-05,0.001226554,0.000100926,1.03E-05,0.001201702
CG>TA,0.000364061,4.27E-18,0.098983541,7.10E-18,1.06E-17,8.42E-18,9.16E-18,0.000512922,9.16E-18,0.361155258,7.52E-18
CG>TC,1.29E-05,0.002199228,0.000729991,7.10E-18,3.02E-05,0.009043951,4.94E-05,0.000917381,0.000135042,0.002673356,0.000697598
CG>TT,0.000126808,0.005687306,0.007249356,0.000366303,0.00225108,0.018981132,3.17E-05,0.000333501,8.42E-05,0.007838481,0.000711856
CT>AA,2.79E-05,0.003237827,0.000102691,7.00E-18,0.465951396,0.004484099,9.04E-18,0.020591366,9.03E-18,0.003909491,0.004418596
CT>AC,0.000422527,4.21E-18,0.029012824,7.00E-18,0.208978201,0.001951784,1.01E-17,0.013994132,9.03E-18,0.012932158,0.002359932
CT>AG,2.87E-18,0.000592089,0.113658487,0.000363209,0.026697215,0.039536145,0.001259577,0.02039145,0.000582715,0.026361706,0.000498096
CT>GA,9.00E-05,1.83E-05,1.71E-05,0.000673388,0.016098321,0.007346717,0.001869372,0.005567666,0.002843491,7.37E-18,0.011649026
CT>GC,0.000254121,0.000135162,2.68E-05,7.22E-05,0.004849494,0.001791638,0.015594765,0.000236901,0.003113823,7.37E-18,0.006135823
CT>GG,1.09E-05,9.06E-05,5.97E-05,0.000926533,0.000569941,0.006816232,0.003998658,0.000305872,0.010412783,7.37E-18,0.00403699
CT>TA,0.007875749,0.0034093,0.000183449,7.00E-18,0.003339652,8.85E-05,9.04E-18,0.010895432,9.03E-18,0.004008969,0.041876241
CT>TC,0.010588395,3.87E-05,0.006321007,7.00E-18,0.000236975,8.31E-18,0.063178791,0.01779254,3.00E-05,0.002735649,0.003002637
CT>TG,0.002258858,0.000393381,0.052043623,3.08E-05,0.000873909,0.011210249,9.04E-18,0.000965595,9.47E-18,0.045461508,0.001486255
GC>AA,0.001584499,0.00509573,2.14E-05,0.326375815,0.000132251,8.26E-18,8.99E-18,0.012823358,8.98E-18,0.004036286,0.000998679
GC>AG,0.000107305,0.000326006,0.000517561,0.011244045,0.002645029,0.003643111,7.26E-05,0.008469381,0.123466542,7.33E-18,0.003285653
GC>AT,4.88E-05,0.000955951,0.003956071,0.009194246,0.001561164,0.001871325,0.00034795,0.005477264,0.125457938,0.007666964,0.027164058
GC>CA,5.78E-05,0.001063282,0.000234985,0.011841074,0.004554223,0.0086499,0.000666075,0.004801304,0.027282123,0.000103875,0.002107212
GC>CG,5.16E-06,6.71E-05,1.10E-17,9.78E-07,0.000321182,9.00E-18,0.002634476,0.000240562,0.002489245,7.33E-18,0.004034662
GC>TA,8.29E-07,0.000738279,0.00419403,0.017612353,0.000220751,0.000825175,6.20E-06,0.008509143,0.013939771,0.002779893,0.000242679
TA>AT,0.000504971,0.002750525,0.001433506,0.030161852,0.00185409,0.008505747,0.055312443,0.009614442,0.015388617,0.010258772,0.002220603
TA>CG,7.55E-06,1.89E-05,0.003302006,0.000385953,7.82E-06,0.000257058,0.00302335,2.07E-05,0.001340299,0.004054188,0.000581539
TA>CT,0.00070196,0.000280053,0.000340087,0.008651689,0.002250686,0.025904317,0.028845737,0.004063836,0.014097959,0.001598001,0.003365757
TA>GC,2.01E-05,8.22E-05,0.001967363,6.97E-05,5.18E-05,0.000262021,0.001496806,0.000782041,0.000574839,7.31E-18,0.001015702
TA>GG,7.03E-05,7.89E-05,0.005397891,0.002202609,0.001616132,0.000216366,0.004272341,0.000215086,0.003226646,0.008473351,0.00037342
TA>GT,0.001149934,0.001300248,0.000357882,0.00799686,0.001893749,6.20E-05,0.026070202,0.00015165,0.007724093,0.003560978,0.002658749
TC>AA,1.10E-05,0.001470066,0.005501607,0.381161856,0.040602827,0.046076863,0.019693845,0.038982517,0.003713471,0.007559092,0.000219034
TC>AG,3.13E-06,0.000202768,6.15E-06,0.001880667,0.014974805,0.008330053,4.02E-06,0.011654567,0.046997048,0.000270967,0.047844298
TC>AT,0.002493424,4.23E-18,0.001122368,0.008457972,0.000751755,0.000597591,0.002300965,0.018587025,0.052129488,0.003089629,0.085392987
TC>CA,4.48E-06,0.000691438,0.065638482,0.085082567,0.001437179,0.011871332,0.002722975,0.017682791,0.049110405,0.025196974,0.000284643
TC>CG,3.34E-05,3.94E-06,0.000116245,0.000402282,1.07E-17,0.000867211,0.001637804,0.010951274,0.00783955,0.000841899,0.00327037
TC>CT,0.001925815,0.003396359,0.019441016,8.33E-06,0.001055271,0.009446763,0.009234002,0.008801207,0.051726943,0.026196854,0.020288405
TC>GA,6.51E-05,0.000897247,0.077964487,0.036607629,2.47E-05,0.007384371,9.08E-18,0.009655206,0.017410041,0.04379474,0.000237203
TC>GG,0.000416584,1.00E-05,0.000177374,1.05E-05,3.50E-05,0.001519128,0.00070938,0.001918985,0.003753726,7.41E-18,0.007398707
TC>GT,0.005169294,8.69E-05,0.043491757,7.04E-18,3.88E-05,8.35E-18,9.08E-18,0.000277298,9.21E-18,0.045894488,0.015342475
TG>AA,0.001381174,0.002984883,6.66E-05,0.007632407,0.01799344,0.025516693,0.022586537,0.008644125,0.015815305,0.001412222,0.007861047
TG>AC,0.000238933,0.000221849,8.01E-05,0.000118037,0.001459468,0.010106612,0.002618439,0.003847385,0.007277042,0.000205866,0.000869434
TG>AT,0.002429656,0.004326063,0.000954882,7.00E-18,0.020392565,0.221144672,0.001289232,0.008214417,0.000746723,0.002486306,0.010541634
TG>CA,0.000281276,0.000145211,0.015848243,0.000804254,0.000475827,0.011407463,0.023885763,0.005056563,0.022822085,0.029040058,0.056322442
TG>CC,0.00010384,5.99E-05,0.000482425,0.000120038,0.000505816,0.007895165,0.001049375,0.001249151,0.01181143,0.000188959,0.003142411
TG>CT,0.001865089,0.003095807,0.006050241,8.21E-05,0.00032788,0.275180021,9.03E-18,0.019486756,0.000968938,0.004306283,0.005602125
TG>GA,0.00041032,0.001482357,0.000521298,0.007852477,0.003268808,0.00744487,0.008245086,0.000270816,0.006185986,2.01E-05,0.007338985
TG>GC,8.96E-05,0.000274287,0.000496379,0.000604191,0.000291894,0.005603666,0.003877689,0.003537596,0.003913787,7.37E-18,0.006144266
TG>GT,0.001915497,0.0064538,0.010266472,3.23E-05,0.082669859,0.027417937,0.008704812,0.007854662,0.003343235,0.002158114,0.005260777
TT>AA,0.005547203,0.004355988,0.003216724,1.80E-05,0.004929248,0.00019356,0.235387282,0.0035856,0.000342097,0.014452951,0.004799665
TT>AC,0.000727502,0.000348681,0.002427528,6.62E-07,0.000967816,0.000128371,0.04006592,1.13E-17,0.006681418,7.39E-18,0.001046468
TT>AG,0.000422355,0.000217294,0.022876701,7.02E-18,0.000894679,0.00212615,0.053988828,0.014622839,0.000920952,0.006937417,0.001277898
TT>CA,0.000732554,4.21E-18,0.000693294,7.02E-18,1.05E-17,8.32E-18,0.09786101,0.00629984,9.06E-18,0.001285814,0.002032562
TT>CC,0.005476474,3.01E-06,0.008151698,7.02E-18,0.000774453,8.32E-18,0.03545834,0.00029446,0.005176594,0.002870655,0.004024876
TT>CG,8.47E-05,1.54E-05,0.031767646,7.27E-18,1.05E-17,1.12E-05,0.0026744,0.000116181,1.99E-05,0.00855216,1.00E-17
TT>GA,0.00187938,4.84E-05,0.012287486,7.02E-18,3.00E-05,8.32E-18,0.043671853,0.003635678,9.20E-18,0.008661803,0.000711397
TT>GC,0.001071045,1.56E-06,0.066432342,7.02E-18,5.67E-05,4.10E-07,0.003676048,0.000286447,3.57E-05,0.025716286,5.82E-06
TT>GG,0.001626775,4.21E-18,0.170826022,7.02E-18,1.05E-17,8.32E-18,9.05E-18,0.000538842,9.05E-18,0.084425171,7.39E-18